"vmin","0.1–0.2 eV","0.2–0.3 eV","0.3–0.4 eV","0.4–0.5 eV","0.5–0.6 eV","0.6–0.7 eV","0.7–0.8 eV","0.8–0.9 eV","0.9–1. eV","1.–1.1 eV"
1,0,0,0,0,0,0,0,0,0,0
1.0112221197368427,0,0,0,0,0,0,0,0,0,0
1.0225701754450736,0,0,0,0,0,0,0,0,0,0
1.0340455803932427,0,0,0,0,0,0,0,0,0,0
1.0456497637097688,0,0,0,0,0,0,0,0,0,0
1.057384170560921,0,0,0,0,0,0,0,0,0,0
1.069250262330798,0,0,0,0,0,0,0,0,0,0
1.081249516803325,0,0,0,0,0,0,0,0,0,0
1.093383428346295,0,0,0,0,0,0,0,0,0,0
1.105653508097477,0,0,0,0,0,0,0,0,0,0
1.1180612841528073,0,0,0,0,0,0,0,0,0,0
1.1306083017566981,0,0,0,0,0,0,0,0,0,0
1.1432961234944803,0,0,0,0,0,0,0,0,0,0
1.1561263294870037,0,0,0,0,0,0,0,0,0,0
1.1691005175874234,0,0,0,0,0,0,0,0,0,0
1.1822203035801944,0,0,0,0,0,0,0,0,0,0
1.195487321382298,0,0,0,0,0,0,0,0,0,0
1.2089032232467276,0,0,0,0,0,0,0,0,0,0
1.2224696799682575,0,0,0,0,0,0,0,0,0,0
1.2361883810915213,0,0,0,0,0,0,0,0,0,0
1.2500610351214243,0,0,0,0,0,0,0,0,0,0
1.2640893697359186,0,0,0,0,0,0,0,0,0,0
1.2782751320011652,0,0,0,0,0,0,0,0,0,0
1.2926200885891108,0,0,0,0,0,0,0,0,0,0
1.3071260259975062,0,0,0,0,0,0,0,0,0,0
1.3217947507723937,0,0,0,0,0,0,0,0,0,0
1.3366280897330918,0,0,0,0,0,0,0,0,0,0
1.351627890199704,0,0,0,0,0,0,0,0,0,0
1.3667960202231813,0,0,0,0,0,0,0,0,0,0
1.3821343688179661,0,0,0,0,0,0,0,0,0,0
1.397644846197247,0,0,0,0,0,0,0,0,0,0
1.4133293840108536,0,0,0,0,0,0,0,0,0,0
1.4291899355858217,0,0,0,0,0,0,0,0,0,0
1.4452284761696566,0,0,0,0,0,0,0,0,0,0
1.4614470031763274,0,0,0,0,0,0,0,0,0,0
1.4778475364350223,0,0,0,0,0,0,0,0,0,0
1.4944321184416942,0,0,0,0,0,0,0,0,0,0
1.5112028146134304,0,0,0,0,0,0,0,0,0,0
1.5281617135456762,0,0,0,0,0,0,0,0,0,0
1.5453109272723446,0,0,0,0,0,0,0,0,0,0
1.5626525915288465,0,0,0,0,0,0,0,0,0,0
1.5801888660180712,0,0,0,0,0,0,0,0,0,0
1.5979219346793516,0,0,0,0,0,0,0,0,0,0
1.615854005960451,0,0,0,0,0,0,0,0,0,0
1.6339873130925961,0,0,0,0,0,0,0,0,0,0
1.6523241143686034,0,0,0,0,0,0,0,0,0,0
1.6708666934241205,0,0,0,0,0,0,0,0,0,0
1.6896173595220287,0,0,0,0,0,0,0,0,0,0
1.7085784478400332,0,0,0,0,0,0,0,0,0,0
1.727752319761483,0,0,0,0,0,0,0,0,0,0
1.7471413631694541,0,0,0,0,0,0,0,0,0,0
1.7667479927441327,0,0,0,0,0,0,0,0,0,0
1.786574650263534,0,0,0,0,0,0,0,0,0,0
1.8066238049075996,0,0,0,0,0,0,0,0,0,0
1.826897953565703,0,0,0,0,0,0,0,0,0,0
1.8473996211476107,0,0,0,0,0,0,0,0,0,0
1.868131360897927,0,0,0,0,0,0,0,0,0,0
1.8890957547140748,0,0,0,0,0,0,0,0,0,0
1.9102954134678376,0,0,0,0,0,0,0,0,0,0
1.9317329773305152,0,0,0,0,0,0,0,0,0,0
1.9534111161017262,0,0,0,0,0,0,0,0,0,0
1.9753325295418995,0,0,0,0,0,0,0,0,0,0
1.9974999477084991,0,0,0,0,0,0,0,0,0,0
2.0199161312960214,0,0,0,0,0,0,0,0,0,0
2.0425838719798057,0,0,0,0,0,0,0,0,0,0
2.0655059927637067,0,0,0,0,0,0,0,0,0,0
2.0886853483316674,0,0,0,0,0,0,0,0,0,0
2.1121248254032348,0,0,0,0,0,0,0,0,0,0
2.135827343093068,0,0,0,0,0,0,0,0,0,0
2.159795853274481,0,0,0,0,0,0,0,0,0,0
2.1840333409470643,0,0,0,0,0,0,0,0,0,0
2.2085428246084287,0,0,0,0,0,0,0,0,0,0
2.23332735663013,0,0,0,0,0,0,0,0,0,0
2.2583900236377996,0,0,0,0,0,0,0,0,0,0
2.2837339468955546,0,0,0,0,0,0,0,0,0,0
2.3093622826947087,0,0,0,0,0,0,0,0,0,0
2.3352782227468576,0,0,0,0,0,0,0,0,0,0
2.3614849945813643,0,0,0,0,0,0,0,0,0,0
2.387985861947314,0,0,0,0,0,0,0,0,0,0
2.4147841252199744,0,0,0,0,0,0,0,0,0,0
2.44188312181182,0,0,0,0,0,0,0,0,0,0
2.469286226588168,0,0,0,0,0,0,0,0,0,0
2.4969968522874773,0,0,0,0,0,0,0,0,0,0
2.525018449946367,0,0,0,0,0,0,0,0,0,0
2.553354509329402,0,0,0,0,0,0,0,0,0,0
2.5820085593637043,0,0,0,0,0,0,0,0,0,0
2.610984168578437,0,0,0,0,0,0,0,0,0,0
2.640284945549225,0,0,0,0,0,0,0,0,0,0
2.669914539347562,0,0,0,0,0,0,0,0,0,0
2.6998766399952583,0,0,0,0,0,0,0,0,0,0
2.7301749789239897,0,0,0,0,0,0,0,0,0,0
2.7608133294400066,0,0,0,0,0,0,0,0,0,0
2.791795507194054,0,0,0,0,0,0,0,0,0,0
2.8231253706565664,0,0,0,0,0,0,0,0,0,0
2.8548068215981925,0,0,0,0,0,0,0,0,0,0
2.886843805575723,0,0,0,0,0,0,0,0,0,0
2.9192403124234567,0,0,0,0,0,0,0,0,0,0
2.9520003767500906,0,0,0,0,0,0,0,0,0,0
2.985128078441186,0,0,0,0,0,0,0,0,0,0
3.0186275431672644,0,0,0,0,0,0,0,0,0,0
3.0525029428976187,0,0,0,0,0,0,0,0,0,0
3.086758496419881,0,0,0,0,0,0,0,0,0,0
3.1213984698654222,0,0,0,0,0,0,0,0,0,0
3.1564271772406496,0,0,0,0,0,0,0,0,0,0
3.1918489809642687,0,0,0,0,0,0,0,0,0,0
3.2276682924105695,0,0,0,0,0,0,0,0,0,0
3.263889572458812,0,0,0,0,0,0,0,0,0,0
3.3005173320487775,0,0,0,0,0,0,0,0,0,0
3.337556132742554,0,0,0,0,0,0,0,0,0,0
3.3750105872926244,0,0,0,0,0,0,0,0,0,0
3.412885360216335,0,0,0,0,0,0,0,0,0,0
3.451185168376801,0,0,0,0,0,0,0,0,0,0
3.4899147815703406,0,0,0,0,0,0,0,0,0,0
3.529079023120501,0,0,0,0,0,0,0,0,0,0
3.5686827704787394,0,0,0,0,0,0,0,0,0,0
3.60873095583186,0,0,0,0,0,0,0,0,0,0
3.649228566716256,0,0,0,0,0,0,0,0,0,0
3.690180646639053,0,0,0,0,0,0,0,0,0,0
3.731592295706217,0,0,0,0,0,0,0,0,0,0
3.7734686712577123,0,0,0,0,0,0,0,0,0,0
3.815814988509792,0,0,0,0,0,0,0,0,0,0
3.8586365212044873,0,0,0,0,0,0,0,0,0,0
3.9019386022663993,0,0,0,0,0,0,0,0,0,0
3.9457266244668414,0,0,0,0,0,0,0,0,0,0
3.990006041095457,0,0,0,0,0,0,0,0,0,0
4.034782366639356,0,0,0,0,0,0,0,0,0,0
4.080061177469886,0,0,0,0,0,0,0,0,0,0
4.1258481125370965,0,0,0,0,0,0,0,0,0,0
4.172148874072015,0,0,0,0,0,0,0,0,0,0
4.218969228296784,2.797332622280203e+19,0,0,0,0,0,0,0,0,0
4.2663150061427855,8.665466267082736e+19,0,0,0,0,0,0,0,0,0
4.3141921039768105,1.3295977952925114e+20,0,0,0,0,0,0,0,0,0
4.362606484335379,1.5772027639549418e+20,0,0,0,0,0,0,0,0,0
4.4115641766673175,2.0788773371807462e+20,0,0,0,0,0,0,0,0,0
4.461071278084645,3.140450628022918e+20,0,0,0,0,0,0,0,0,0
4.5111339541219015,3.8559171119358096e+20,0,0,0,0,0,0,0,0,0
4.561758439503994,3.738913264869824e+20,0,0,0,0,0,0,0,0,0
4.612951038922661,4.363112111919687e+20,0,0,0,0,0,0,0,0,0
4.6647181278216445,6.504313586301047e+20,0,0,0,0,0,0,0,0,0
4.7170661531906815,7.423075620661701e+20,0,0,0,0,0,0,0,0,0
4.770001634368396,6.504504260146396e+20,0,0,0,0,0,0,0,0,0
4.823531163854213,7.530059034546818e+20,0,0,0,0,0,0,0,0,0
4.877661408129377,1.0395378733215237e+21,0,0,0,0,0,0,0,0,0
4.932399108487184,1.0055339152064812e+21,0,0,0,0,0,0,0,0,0
4.987751081872522,8.113988185637483e+20,0,0,0,0,0,0,0,0,0
5.043724221730864,8.744475515915625e+20,0,0,0,0,0,0,0,0,0
5.1003254988667415,9.753881928184736e+20,0,0,0,0,0,0,0,0,0
5.157561962311897,1.0250403896499856e+21,0,0,0,0,0,0,0,0,0
5.215440740203147,1.0953531977001009e+21,0,0,0,0,0,0,0,0,0
5.273969040670115,1.2044717349624587e+21,0,0,0,0,0,0,0,0,0
5.3331541527329165,1.236962012581558e+21,0,0,0,0,0,0,0,0,0
5.393003447209925,1.2259016700890034e+21,0,0,0,0,0,0,0,0,0
5.453524377635722,1.269689254536369e+21,0,0,0,0,0,0,0,0,0
5.514724481189342,1.314878328749761e+21,0,0,0,0,0,0,0,0,0
5.576611379632947,1.3583844175046003e+21,0,0,0,0,0,0,0,0,0
5.639192780261029,1.4865983871197066e+21,0,0,0,0,0,0,0,0,0
5.702476476860256,1.6506775178377924e+21,0,0,0,0,0,0,0,0,0
5.766470350680112,1.8127419438180823e+21,0,0,0,0,0,0,0,0,0
5.831182371414398,1.8511892772464055e+21,0,0,0,0,0,0,0,0,0
5.896620598193776,1.799631022012348e+21,8.914171633445596e+18,0,0,0,0,0,0,0,0
5.962793180589441,1.9603128102615216e+21,2.8535866316109755e+20,0,0,0,0,0,0,0,0
6.029708359628045,2.0653293711775357e+21,6.116662209502599e+20,0,0,0,0,0,0,0,0
6.0973744688180345,2.1017636227563955e+21,9.678167437263766e+20,0,0,0,0,0,0,0,0
6.165799935187479,1.7648960346688415e+21,9.906980123668787e+20,0,0,0,0,0,0,0,0
6.234993280333571,1.547716745172413e+21,1.1069220539853411e+21,0,0,0,0,0,0,0,0
6.304963121483883,1.4237068168642455e+21,1.3369433339349172e+21,0,0,0,0,0,0,0,0
6.375718172569553,1.3471938968268725e+21,1.8272364358710903e+21,0,0,0,0,0,0,0,0
6.447267245310494,1.2879226937734943e+21,1.8918472232881158e+21,0,0,0,0,0,0,0,0
6.519619250312791,1.234244431723326e+21,1.7892302623077905e+21,0,0,0,0,0,0,0,0
6.592783198178427,1.1799839892124247e+21,1.6505598867663872e+21,0,0,0,0,0,0,0,0
6.666768200627432,1.1240363296454067e+21,2.1643863373629686e+21,0,0,0,0,0,0,0,0
6.74158347163265,1.071637035823589e+21,2.2752291475493757e+21,0,0,0,0,0,0,0,0
6.817238328567232,1.0253132897968665e+21,2.236552153114071e+21,0,0,0,0,0,0,0,0
6.893742193365008,9.87979378653547e+20,2.3843804723729924e+21,0,0,0,0,0,0,0,0
6.971104593693874,9.549583821209325e+20,2.438228900218045e+21,0,0,0,0,0,0,0,0
7.049335164142362,9.261060209831625e+20,2.465493300646509e+21,0,0,0,0,0,0,0,0
7.128443647419504,9.043995516603613e+20,2.571539036739499e+21,0,0,0,0,0,0,0,0
7.208439895568181,8.922116109453327e+20,2.773417962729391e+21,4.983413354705014e+19,0,0,0,0,0,0,0
7.289333871192085,8.911762126975971e+20,2.903753349665764e+21,3.1133789395005433e+20,0,0,0,0,0,0,0
7.371135648696425,9.034936926881679e+20,2.6694892674085605e+21,7.181441421502712e+20,0,0,0,0,0,0,0
7.453855415542608,9.176597302228864e+20,2.3588927843395064e+21,1.3212661045385864e+21,0,0,0,0,0,0,0
7.537503473516939,9.30899162771108e+20,1.933975459603457e+21,1.7510811375731079e+21,0,0,0,0,0,0,0
7.622090240013614,9.428870993999616e+20,1.492528730208621e+21,1.9868598476626765e+21,0,0,0,0,0,0,0
7.707626249332068,9.54573211354213e+20,1.1883550636113042e+21,2.2657624819799687e+21,0,0,0,0,0,0,0
7.794122153988906,9.652880051697485e+20,9.517825508155933e+20,2.583364242519332e+21,0,0,0,0,0,0,0
7.881588726044549,9.766273906446259e+20,7.721912664111033e+20,2.7710465883927955e+21,0,0,0,0,0,0,0
7.970036858444774,9.878094333330732e+20,6.425066072704461e+20,2.909777600650702e+21,0,0,0,0,0,0,0
8.05947756637729,9.978272809861918e+20,5.561895252904305e+20,3.0411602374392834e+21,0,0,0,0,0,0,0
8.149921988643573,1.0070922762939246e+21,5.0335862238729175e+20,3.1393639536938766e+21,0,0,0,0,0,0,0
8.24138138904606,1.0154440909059555e+21,4.6767597376849235e+20,3.5948470217110266e+21,0,0,0,0,0,0,0
8.333867157790923,1.0253960100127079e+21,4.385630786062006e+20,3.7354708338683785e+21,1.0365984657388036e+20,0,0,0,0,0,0
8.427390812906594,1.0377035050429152e+21,4.138223891471797e+20,3.3425461453074077e+21,3.916026419255968e+20,0,0,0,0,0,0
8.521964001678201,1.0489775720410124e+21,3.927770437787435e+20,3.328344770420736e+21,1.0158907021546641e+21,0,0,0,0,0,0
8.617598502098096,1.0583185752691878e+21,3.7480428670663963e+20,3.0253802508204313e+21,1.8865629965847214e+21,0,0,0,0,0,0
8.714306224332677,1.0655876594045224e+21,3.5949600362250306e+20,2.148207638969062e+21,2.095214705397127e+21,0,0,0,0,0,0
8.812099212205657,1.0742915024954113e+21,3.465156652028019e+20,1.7090797060952005e+21,2.538751283788544e+21,0,0,0,0,0,0
8.910989644697967,1.086036315281397e+21,3.3554261919470256e+20,1.4467570026174808e+21,3.04083969595289e+21,0,0,0,0,0,0
9.010989837464535,1.0951928989576692e+21,3.263420693442235e+20,1.2700688632283367e+21,3.005284721502609e+21,0,0,0,0,0,0
9.112112244368035,1.102377386553299e+21,3.188735218342319e+20,1.1333912070503048e+21,3.234292934219601e+21,0,0,0,0,0,0
9.214369459029882,1.1087094183201064e+21,3.133608076869904e+20,1.0179720980389758e+21,3.659594041189894e+21,0,0,0,0,0,0
9.317774216398622,1.1162948497888945e+21,3.104533164527739e+20,9.196420327536229e+20,3.5826393773389523e+21,4.863635958280405e+19,0,0,0,0,0
9.422339394335914,1.1230032530648334e+21,3.102099679585389e+20,8.362129459909122e+20,3.7459438211847065e+21,3.542565307877272e+20,0,0,0,0,0
9.528078015220323,1.127696105550592e+21,3.130221993053533e+20,7.661385685812958e+20,3.639910487372202e+21,9.57845528464499e+20,0,0,0,0,0
9.63500324756911,1.131461488586935e+21,3.224288967697028e+20,7.067924416344026e+20,2.9598856568166275e+21,1.5909736476526568e+21,0,0,0,0,0
9.743128407678201,1.1362655174427412e+21,3.427937244978189e+20,6.556544498587456e+20,2.49893019324171e+21,2.2450305793438434e+21,0,0,0,0,0
9.852466961280596,1.1399334443078082e+21,3.736508489819196e+20,6.106512697241069e+20,2.183456790465062e+21,2.492066599499592e+21,0,0,0,0,0
9.963032525223374,1.14002153953916e+21,4.1383738458858553e+20,5.7054460127177854e+20,2.0065825061949874e+21,2.625045660377127e+21,0,0,0,0,0
10.074838869163491,1.1342160471817878e+21,4.6332909763058414e+20,5.345262920197554e+20,1.848838162293275e+21,4.058501438801774e+21,0,0,0,0,0
10.18789991728264,1.1198139967106827e+21,5.2019749977866214e+20,5.0201378996942026e+20,1.6965488812621654e+21,3.188393694910288e+21,0,0,0,0,0
10.30222975002136,1.0950028887142472e+21,5.774134037862623e+20,4.7285639041320695e+20,1.549306320119669e+21,3.4399706359348e+21,2.8354474508944857e+20,0,0,0,0
10.417842605832563,1.0598282750698323e+21,6.30768432283424e+20,4.4637382029985074e+20,1.4146563452885755e+21,3.3529206151384835e+21,8.13678299116006e+20,0,0,0,0
10.534752882954798,1.016484021587267e+21,6.837770556894916e+20,4.222703683295836e+20,1.2940349539750862e+21,3.123497448299379e+21,1.3272740951721986e+21,0,0,0,0
10.652975141205367,9.6749821048919e+20,7.35431483825913e+20,4.002767705214171e+20,1.1853681574554923e+21,2.7590869485905154e+21,2.0165748111425187e+21,0,0,0,0
10.772524103793584,9.175111164058459e+20,7.834687977362816e+20,3.802379795322561e+20,1.0872846029468955e+21,2.5146108205593437e+21,2.2423400745011868e+21,0,0,0,0
10.89341465915438,8.698719230336197e+20,8.301669673882604e+20,3.620283001021876e+20,9.993676546844543e+20,2.3570519536705743e+21,2.494895832807099e+21,0,0,0,0
11.01566186280249,8.250401063410867e+20,8.767561722979945e+20,3.456273312877392e+20,9.224075796728159e+20,2.2333893993041025e+21,2.8100659275984714e+21,2.0379448843592155e+19,0,0,0
11.139280939207433,7.825210629095648e+20,9.202494233753534e+20,3.307828201508985e+20,8.54872012999075e+20,2.1230518499459135e+21,3.077407626655378e+21,1.7936755161566295e+20,0,0,0
11.264287283689546,7.421976504702623e+20,9.59077273719295e+20,3.1730865243360054e+20,7.957665149297715e+20,2.0142362775067526e+21,3.149868508733003e+21,5.4750119316799154e+20,0,0,0
11.390696464337305,7.039680816586833e+20,9.987489222193435e+20,3.052574830336507e+20,7.437553920836389e+20,1.899390468787143e+21,3.016104074506446e+21,1.0842238060175858e+21,0,0,0
11.518524223946136,6.680116630167713e+20,1.0378665979497374e+21,2.947422501066726e+20,6.980366259679393e+20,1.7769232498271314e+21,2.7539374473398447e+21,1.6168853383804297e+21,0,0,0
11.647786481978985,6.338386058046983e+20,1.0733841152593468e+21,2.8552344237004636e+20,6.564388946812464e+20,1.6517203922449468e+21,2.5470813185589437e+21,2.0139970688298876e+21,0,0,0
11.778499336548933,6.013555888681843e+20,1.108227786759233e+21,2.77552613616623e+20,6.183129940089955e+20,1.53102738205009e+21,2.4152457074735857e+21,2.373259323413432e+21,0,0,0
11.910679066424008,5.707469328429329e+20,1.1438117642784841e+21,2.710518083904306e+20,5.836043679568799e+20,1.4200702589215913e+21,2.3217583748931555e+21,2.6871623579301886e+21,6.539459616240065e+19,0,0
12.04434213305452,5.417402337032755e+20,1.177318932805905e+21,2.6586219062280664e+20,5.5165369250574716e+20,1.317529148322029e+21,2.245815635877287e+21,2.860132194809795e+21,3.0311122858994926e+20,0,0
12.179505182623158,5.141271857646899e+20,1.2077452669822587e+21,2.6182417271160468e+20,5.220048834016127e+20,1.221709665855939e+21,2.1793209049775496e+21,2.856772329882031e+21,6.918109194851565e+20,0,0
12.316185048118054,4.8808921300027146e+20,1.2393929804394872e+21,2.5901945985050103e+20,4.947910407488089e+20,1.1335314669881818e+21,2.1204427593552112e+21,2.699420659711871e+21,1.1851652529130195e+21,0,0
12.454398751429148,4.633504762858435e+20,1.2697318638738562e+21,2.5724480707892842e+20,4.695320813275999e+20,1.0520953461003022e+21,2.0597155694136465e+21,2.491213624215329e+21,1.6426757560960924e+21,0,0
12.594163505468073,4.398220806945225e+20,1.2972294337836362e+21,2.563317578621146e+20,4.460200092097711e+20,9.779069835987728e+20,1.9879495331310485e+21,2.338784947593383e+21,2.041432360781165e+21,1.8036936270445402e+18,0
12.735496716311811,4.176036438116216e+20,1.3244112201949003e+21,2.5625272333340695e+20,4.2438471158013814e+20,9.125614282650632e+20,1.8998044847805668e+21,2.2493801140979866e+21,2.3814916061022325e+21,6.98939791238047e+19,0
12.878415985370431,3.963788254995022e+20,1.3513193032471764e+21,2.569629950142191e+20,4.041447406155533e+20,8.542221077321354e+20,1.7988764885684152e+21,2.192407080710219e+21,2.607879142272495e+21,2.68059376797091e+20,0
13.022939111579129,3.763136020227711e+20,1.375506589805007e+21,2.5843154713971687e+20,3.854916740233098e+20,8.030246926553982e+20,1.690279406468829e+21,2.152586756721717e+21,2.6564412254525687e+21,6.160032744083474e+20,0
13.169084093614883,3.571813688933952e+20,1.3981458118781556e+21,2.6058734593528277e+20,3.681017200906879e+20,7.568990418331667e+20,1.5833926287960674e+21,2.117655840231905e+21,2.5715535783365213e+21,1.0593134582254693e+21,0
13.316869132137981,3.39045868741408e+20,1.4206584535315432e+21,2.641276082886194e+20,3.520279040540923e+20,7.151549723149791e+20,1.4823280370904174e+21,2.0852886962290864e+21,2.4125558641373196e+21,1.506757649685702e+21,0
13.4663126320587,3.2178502179416906e+20,1.4420470043268683e+21,2.694356882707716e+20,3.371177328536571e+20,6.76712922480877e+20,1.3869758514154142e+21,2.057391843291669e+21,2.260654303972908e+21,1.9179388074262874e+21,2.0352031693180604e+19
13.617433204829423,3.0540009398492575e+20,1.4622738555450205e+21,2.768158440093478e+20,3.233629169430682e+20,6.412545346467371e+20,1.2969182192326358e+21,2.0309669719126083e+21,2.1453127437091812e+21,2.24163690301276e+21,1.3005663529405465e+20
13.770249670762471,2.897937011762461e+20,1.4813489048243074e+21,2.8657617257196922e+20,3.1065008104272016e+20,6.082705390695262e+20,1.2115287268580873e+21,1.9969220356267814e+21,2.0666677531649416e+21,2.4333554742054386e+21,3.63708687102297e+20
13.924781061373995,2.7499330601027273e+20,1.4991240006584353e+21,3.023137439019638e+20,2.990152143827473e+20,5.776721707886803e+20,1.1313420992411447e+21,1.9479109174038681e+21,2.0211338322177782e+21,2.473567078195759e+21,7.247946425248708e+20
14.081046621754055,2.6087158281302534e+20,1.5143803604383682e+21,3.270609239664727e+20,2.8830222893894897e+20,5.48995544448186e+20,1.0562285650745591e+21,1.8825441999804147e+21,1.9972406702421364e+21,2.4024931759498246e+21,1.152904177314778e+21
14.239065812963446,2.475175807780634e+20,1.525832878942112e+21,3.62718662515436e+20,2.7863702353742525e+20,5.223762571337371e+20,9.882463950347353e+20,1.7994790872385908e+21,1.987046831102213e+21,2.283402169957398e+21,1.5812126341651214e+21
14.398858314457307,2.3477318396052944e+20,1.5311090325432773e+21,4.1087035505838424e+20,2.6984683742365984e+20,4.9734650158081435e+20,9.268466879924045e+20,1.7071945455059015e+21,1.9800656950696962e+21,2.1681209098131753e+21,1.9557080661631857e+21
14.560444026535981,2.2268748404155636e+20,1.5246852026744022e+21,4.7354624001476244e+20,2.6202556529815146e+20,4.7398089302699816e+20,8.724844195033964e+20,1.612997951590845e+21,1.9743084328668978e+21,2.0679908336751894e+21,2.2083914662877502e+21
14.72384307282336,2.1119669702279024e+20,1.5066318763046863e+21,5.453789593958847e+20,2.5511492335307273e+20,4.520832121174945e+20,8.239113199839272e+20,1.521156876891769e+21,1.9700100067398215e+21,1.985834937476211e+21,2.3203192347517431e+21
14.889075802773068,2.0024465255175294e+20,1.4762021049858224e+21,6.242622192116399e+20,2.4912898298767317e+20,4.314852374630589e+20,7.799324699208288e+20,1.4326392587391667e+21,1.9637197014618098e+21,1.92464053631316e+21,2.312717435268969e+21
15.056162794202717,1.898769357285122e+20,1.430111211680651e+21,7.047984367298444e+20,2.441875727645302e+20,4.12269553938201e+20,7.399637819076088e+20,1.3477590083670615e+21,1.9470742838264445e+21,1.886400916814678e+21,2.2315829772004654e+21
15.225124855856663,1.8000966101145974e+20,1.375707404268824e+21,7.844231707908903e+20,2.4022741650608715e+20,3.942187151241311e+20,7.029132080543092e+20,1.2660134079891162e+21,1.9152144486975587e+21,1.866802824776605e+21,2.135924043757412e+21
15.395983029997469,1.7061708236508516e+20,1.3159763974501756e+21,8.622057195343644e+20,2.3727585201368347e+20,3.772610662699571e+20,6.683585523994877e+20,1.1876397368928106e+21,1.866405538262718e+21,1.862562215088953e+21,2.047693033055262e+21
15.568758595026495,1.6171102296855357e+20,1.2533672934931277e+21,9.340528267370624e+20,2.3545890422421638e+20,3.6140877360064876e+20,6.361514681621869e+20,1.113326985721059e+21,1.8007652784948917e+21,1.869239868494878e+21,1.9716075687207114e+21
15.743473068133882,1.532596302555733e+20,1.1929099080177948e+21,1.0053422884242099e+21,2.3473587807267095e+20,3.4658205468724606e+20,6.060110168432901e+20,1.0441099576660768e+21,1.7236552181932265e+21,1.881040154919493e+21,1.9062786194821813e+21
15.920148207978242,1.4522073318399545e+20,1.1353574579695493e+21,1.0731991532945938e+21,2.349968845959236e+20,3.326973854507934e+20,5.776746189185033e+20,9.80883128869813e+20,1.6421899740696795e+21,1.894707308266716e+21,1.851580752509229e+21
16.098806017396456,1.3757662200835016e+20,1.080569454609228e+21,1.136635827555083e+21,2.362058862819212e+20,3.1972001328543203e+20,5.510097162529559e+20,9.240752807929494e+20,1.5599058060142295e+21,1.9058574515466973e+21,1.8079153253719922e+21
16.279468746143884,1.303169763284278e+20,1.0284659897873397e+21,1.199099599420822e+21,2.3826927604874985e+20,3.076238158278979e+20,5.259177327910071e+20,8.732658386069199e+20,1.478434222184976e+21,1.9072972322063995e+21,1.778178206277119e+21
16.462158893665304,1.2343827456554623e+20,9.790208677353947e+20,1.256103608941353e+21,2.4104406550872572e+20,2.96417511734875e+20,5.023356090946269e+20,8.278689059620745e+20,1.3984231588945427e+21,1.8929882660874148e+21,1.7644797904705786e+21
16.646899211896947,1.1690297224459156e+20,9.319432672002026e+20,1.3118756562363487e+21,2.4444475098133624e+20,2.8602104765049065e+20,4.800864672129148e+20,7.866015991079504e+20,1.3199937884621586e+21,1.8610710120131514e+21,1.766281070334515e+21
16.83371270810001,1.1069418509721307e+20,8.871344117749126e+20,1.3647404596200357e+21,2.4845855832558377e+20,2.7641491138465766e+20,4.590913016677553e+20,7.48577336915085e+20,1.2435692216392454e+21,1.8120925791490096e+21,1.7819567711361987e+21
17.02262264772592,1.0479862505642405e+20,8.444896802573668e+20,1.4151883438337268e+21,2.5304169442655968e+20,2.6759349827593073e+20,4.392763972745484e+20,7.132008166163494e+20,1.169786211487682e+21,1.750083609989042e+21,1.8068177412693822e+21
17.213652557313793,9.920512304114963e+19,8.03914883920628e+20,1.4650158140197372e+21,2.58230297560276e+20,2.595353193649228e+20,4.2057558666754104e+20,6.80103003677162e+20,1.0994731128313644e+21,1.6811377678157705e+21,1.8337703648079703e+21
17.406826227420378,9.389885784876587e+19,7.653210641638508e+20,1.511887230418184e+21,2.644981122447123e+20,2.5223630209741036e+20,4.029310113978845e+20,6.49025497691894e+20,1.0339517104259979e+21,1.609330194919122e+21,1.8559983460164294e+21
17.602167715582908,8.886446822486072e+19,7.285986990972657e+20,1.5572471795799066e+21,2.7249704880334625e+20,2.456991640661612e+20,3.862836779883834e+20,6.197718146915765e+20,9.743482267804088e+20,1.5361608927967075e+21,1.8653498235463069e+21
17.79970134931516,8.408605505510954e+19,6.936599512838064e+20,1.599552985383268e+21,2.8259445319219836e+20,2.399251900404124e+20,3.705900679940554e+20,5.921829530017543e+20,9.208657075680537e+20,1.462466161209327e+21,1.8569622690173506e+21
17.999451729137217,7.955226473677534e+19,6.604057614724787e+20,1.638993646806465e+21,2.9532097012366134e+20,2.349225520593675e+20,3.55798655189657e+20,5.661290015997076e+20,8.72903304995283e+20,1.388414287890285e+21,1.8296176088196307e+21
18.201443731639117,7.525367172833105e+19,6.287341767088497e+20,1.674948445336667e+21,3.1294127960863375e+20,2.3072476787671132e+20,3.4187235479780884e+20,5.414975813974709e+20,8.2974403031109e+20,1.3144175942172821e+21,1.785085447239624e+21
18.405702512578987,7.117830143598253e+19,5.985681158803761e+20,1.7071576881087235e+21,3.399122101434596e+20,2.273810557913466e+20,3.287751418191954e+20,5.181889212959177e+20,7.903855575707033e+20,1.2413675732269754e+21,1.728581568463016e+21
18.612253510015858,6.731413685274186e+19,5.69817575298853e+20,1.734273084424039e+21,3.781345029418375e+20,2.2495046691106528e+20,3.1647269499384155e+20,4.961202606774164e+20,7.539802965853559e+20,1.170193596638451e+21,1.6668735460781122e+21
18.82112244747773,6.364918715565364e+19,5.42396610679622e+20,1.7511205569845322e+21,4.313415576270406e+20,2.234430492481502e+20,3.0493732841755627e+20,4.752110653924778e+20,7.19976925012917e+20,1.1020107139703404e+21,1.603177558766086e+21
19.032335337165097,6.017570064837319e+19,5.16251100875236e+20,1.7559860864409338e+21,5.003523103368528e+20,2.2294734567475367e+20,2.9414393808437415e+20,4.55396819183422e+20,6.880383367610867e+20,1.0383422259751345e+21,1.537898779756188e+21
19.245918483190508,5.688469898401579e+19,4.913164918453039e+20,1.7450955185424611e+21,5.841823488911663e+20,2.2351191079856557e+20,2.8406404630462736e+20,4.366109491758571e+20,6.579298870911954e+20,9.80274836345455e+20,1.4710530669659994e+21
19.461898484854387,5.376669440690645e+19,4.675287065597712e+20,1.7163917895002085e+21,6.786855389851331e+20,2.250864655156139e+20,2.7469004283642996e+20,4.1880251003176387e+20,6.294742499695776e+20,9.280257836673921e+20,1.4026796380212025e+21
19.680302239957705,5.0811796511267545e+19,4.4483895921413593e+20,1.6708107929479728e+21,7.780034410310437e+20,2.2764592915190733e+20,2.6600397678389903e+20,4.019177749008008e+20,6.025319425409792e+20,8.810919421128233e+20,1.3328496375531808e+21
19.901156948151765,4.8016825238185e+19,4.2323666388001436e+20,1.6117141518424712e+21,8.791696646340864e+20,2.3110186697372733e+20,2.5801483519711796e+20,3.859552297934489e+20,5.77047862965066e+20,8.389623017693373e+20,1.262431043031639e+21
20.124490114325635,4.5366981048361075e+19,4.026173290540933e+20,1.5453168009170272e+21,9.775402796019429e+20,2.3533124658348913e+20,2.506930117214858e+20,3.7082831684360025e+20,5.528538237712758e+20,8.00475312031114e+20,1.1927538019358797e+21
20.3503295520315,4.2854405573357986e+19,3.829356586845437e+20,1.4757260644287358e+21,1.0721984509869442e+21,2.4015756985530542e+20,2.4403291567763174e+20,3.564994600062698e+20,5.298653527396493e+20,7.648082224084496e+20,1.1250667017127124e+21
20.578703386948607,4.047281578085272e+19,3.641519353017174e+20,1.4070591235659965e+21,1.1627723025332205e+21,2.455094566468867e+20,2.38031334907853e+20,3.429376075922677e+20,5.080086764856775e+20,7.31420676699847e+20,1.0609958276151762e+21
20.80964006038592,3.822323112010613e+19,3.462794928294541e+20,1.34171736065803e+21,1.2503796960422399e+21,2.513744478259812e+20,2.327282262386313e+20,3.301571992005202e+20,4.872849978429682e+20,7.000904218461202e+20,1.0023154434044617e+21
21.04316833282417,3.6091450756323197e+19,3.292181694147243e+20,1.279366449591636e+21,1.333941123913663e+21,2.57710098279262e+20,2.281045402089511e+20,3.18082827654849e+20,4.6756041811349104e+20,6.704575335802889e+20,9.492508026729101e+20
21.279317287497662,3.4072207059922153e+19,3.129350443411543e+20,1.2198676546255708e+21,1.415111826214586e+21,2.6449851029642835e+20,2.2416832687315776e+20,3.066929205719151e+20,4.4878319432265525e+20,6.423609695293838e+20,9.014882897971971e+20
21.51811633401623,3.2167030625253196e+19,2.974450677084782e+20,1.163277975912896e+21,1.4911871222781832e+21,2.7240601206305056e+20,2.209821165996754e+20,2.960086264751098e+20,4.309727407648216e+20,6.157674759171699e+20,8.587318006420958e+20
21.759595212027865,3.0362309751266718e+19,2.82654083136068e+20,1.1092316302662562e+21,1.565347525075925e+21,2.8191870807845025e+20,2.1857490760197535e+20,2.859638601710051e+20,4.140072096342169e+20,5.904584492988314e+20,8.198182604143894e+20
22.003783994922482,2.8657222238238667e+19,2.6856711728497217e+20,1.0577410377394338e+21,1.6338332637341496e+21,2.9375291183437932e+20,2.170420180804296e+20,2.765776970778776e+20,3.978959069000745e+20,5.66406454372519e+20,7.83990404682676e+20
22.25071309357713,2.7043575015896957e+19,2.551387052061517e+20,1.0086275281243274e+21,1.6993293675273197e+21,3.082329627236797e+20,2.163865180814783e+20,2.6781528228024146e+20,3.8257891900681106e+20,5.435086220504387e+20,7.505423874758885e+20
22.50041326014339,2.551660191473981e+19,2.4234407824453363e+20,9.618106454818328e+20,1.7590801886717112e+21,3.277894223106235e+20,2.1670846658638076e+20,2.5968050413064916e+20,3.680320910514477e+20,5.217016374958713e+20,7.190808867674278e+20
22.752915591877166,2.407206164321334e+19,2.3015388219746674e+20,9.171758088459232e+20,1.8136948791843805e+21,3.568345894738365e+20,2.1807426225114943e+20,2.521620558549671e+20,3.542249887895209e+20,5.0092710442318443e+20,6.893504411575979e+20
23.00825153501149,2.270665605770371e+19,2.185434053406981e+20,8.746387239718458e+20,1.858838227589875e+21,3.99138079064785e+20,2.2050067179546853e+20,2.452552024849639e+20,3.411295709858832e+20,4.811324777717099e+20,6.611751579879561e+20
23.266452888672774,2.1414109194395513e+19,2.0747655099588644e+20,8.340543485615685e+20,1.891018373824449e+21,4.57318167830409e+20,2.2392368562388628e+20,2.389529200474345e+20,3.2871472826233016e+20,4.622513144723247e+20,6.343883802491702e+20
23.527551808841075,2.0193363302841782e+19,1.9695154543717974e+20,7.954038181894467e+20,1.9064029817826627e+21,5.35207501497112e+20,2.2830288569100098e+20,2.332808742965839e+20,3.169788890353937e+20,4.4427691922028246e+20,6.08936020155785e+20
23.79158081235466,1.9037786365820924e+19,1.8691536755222993e+20,7.58491263477752e+20,1.9017003640724453e+21,6.30586001812058e+20,2.3349324221577436e+20,2.2821169977297905e+20,3.058763448171616e+20,4.271245936070449e+20,5.846625384340594e+20
24.05857278095969,1.7947248499380734e+19,1.7736392450120584e+20,7.232784373789081e+20,1.8764792034855706e+21,7.414386926330315e+20,2.393334676128064e+20,2.2377446692710407e+20,2.954067199378218e+20,4.1078537805095004e+20,5.615307689167123e+20
24.328560965405167,1.6918761033022826e+19,1.6827810560489846e+20,6.89674259272903e+20,1.830429906909695e+21,8.60673732294573e+20,2.456873444568558e+20,2.1999512470191466e+20,2.8555503076858547e+20,3.952249846371428e+20,5.39473614389456e+20
24.601578989584024,1.5946966024748132e+19,1.596253243184231e+20,6.575496731338525e+20,1.7699279326535177e+21,9.830579477014268e+20,2.5247371210133963e+20,2.1687773342049957e+20,2.762983739247919e+20,3.803972758593626e+20,5.18408695123242e+20
24.87766085472052,1.5028957131614941e+19,1.5138813504091482e+20,6.268448656572095e+20,1.6998473959185064e+21,1.1045996447928265e+21,2.596430445512958e+20,2.1444143991547222e+20,2.6762622469068017e+20,3.662739526067881e+20,4.98287786668505e+20
25.156840943604763,1.4163623806207994e+19,1.435598014352455e+20,5.975334495960333e+20,1.6260434125224076e+21,1.2214800678360892e+21,2.6718100017728268e+20,2.1278947434064036e+20,2.5954707801658658e+20,3.528544563448184e+20,4.790929129153505e+20
25.439154024874604,1.3346877888872825e+19,1.3611606032569218e+20,5.695300631902607e+20,1.5522417698694931e+21,1.3336885356213473e+21,2.751880245672946e+20,2.1198795857176717e+20,2.5204168520367066e+20,3.400966743347047e+20,4.607580739557448e+20
25.724635257345735,1.2575593275928013e+19,1.2903637604017758e+20,5.42767144814821e+20,1.4816626379212044e+21,1.4410733472275038e+21,2.8444760003949393e+20,2.120611821650745e+20,2.4510976037329437e+20,3.279783296152632e+20,4.432450935435478e+20
26.01332019439028,1.1846744722218732e+19,1.2230325602015684e+20,5.171922631089175e+20,1.4142862255999563e+21,1.543656845765719e+21,2.9577518088569527e+20,2.1309804340582197e+20,2.3874599155389396e+20,3.164829161500417e+20,4.265166131974819e+20
26.305244788364558,1.1157985813569954e+19,1.1590131320534994e+20,4.9274906234350384e+20,1.3499892928330012e+21,1.6401891410139163e+21,3.09826221938725e+20,2.151875289239088e+20,2.3295076065417655e+20,3.0559321234175584e+20,4.105453434527134e+20
26.600445395086545,1.0507782969014456e+19,1.0981592146938194e+20,4.69388923400137e+20,1.2886123297225882e+21,1.7299295596504888e+21,3.273529664931648e+20,2.1836736322334638e+20,2.277395136633082e+20,2.952945729383766e+20,3.9529959612618677e+20
26.898958778363557,9.894088359098425e+18,1.0403077416594999e+20,4.4706869922768454e+20,1.230036008488978e+21,1.8128033668062322e+21,3.522463868395162e+20,2.2257566027948635e+20,2.231135969380703e+20,2.8557879184375998e+20,3.807532751327766e+20
27.20082211457075,9.31489694169446e+18,9.85330043168107e+19,4.2574357021388086e+20,1.1741160560419643e+21,1.886620732342027e+21,3.888313285754245e+20,2.2774040887742782e+20,2.1907711480132803e+20,2.764274349009174e+20,3.6688367753101784e+20
27.506072997281027,8.768349904474328e+18,9.33106047795118e+19,4.053726373701301e+20,1.1207497136493539e+21,1.9468116334496165e+21,4.4125092457348714e+20,2.337667074433802e+20,2.1566272153951994e+20,2.6783636255291477e+20,3.536623164834675e+20
27.814749441946855,8.252896284175575e+18,8.835059803113959e+19,3.8591227892398857e+20,1.0698171421960139e+21,1.9888569523969657e+21,5.1351057431388324e+20,2.404490518908299e+20,2.1289356650804353e+20,2.5979977837179814e+20,3.41073710057166e+20
28.126889890634665,7.76717467909985e+18,8.364118578924844e+19,3.673245625915414e+20,1.0212143900039519e+21,2.0093043794922536e+21,6.078783187652018e+20,2.475820879982241e+20,2.107752427888176e+20,2.523034847234144e+20,3.290946520960834e+20
28.442533216812347,7.309641123673676e+18,7.917049809925692e+19,3.495697472285571e+20,9.748296015427944e+20,2.0045217637427168e+21,7.228658342732291e+20,2.5509674618952e+20,2.0938178054688385e+20,2.4535228424917074e+20,3.177066118195911e+20
28.761718730190545,6.878521429345378e+18,7.492670789021406e+19,3.3261148404358264e+20,9.305536936645524e+20,1.974764295837648e+21,8.539616506579061e+20,2.6289646112011285e+20,2.0880244574505032e+20,2.3894203535705804e+20,3.068992551413626e+20
29.08448618161814,6.472680633488999e+18,7.090141730745936e+19,3.1643083727479996e+20,8.883133355421953e+20,1.9230527693869333e+21,9.950055636104612e+20,2.708758720804209e+20,2.0910758033233615e+20,2.3307811171617954e+20,2.966579024270907e+20
29.41087576803281,6.090150254846446e+18,6.708132042845724e+19,3.009869035290692e+20,8.479813124660884e+20,1.8567062806878099e+21,1.1391278321138311e+21,2.790185573186044e+20,2.1033851479999834e+20,2.2776383511620125e+20,2.869756351699171e+20
29.740928137467083,5.729440714905952e+18,6.345444045761588e+19,2.8624034173365938e+20,8.094367565973433e+20,1.7818257265536019e+21,1.281201078494907e+21,2.8811427827615954e+20,2.125995295665955e+20,2.230002398237788e+20,2.778320037596289e+20
30.074684394110577,5.389580733847476e+18,6.001193713396629e+19,2.7216568777662143e+20,7.725891178499949e+20,1.7041163413566262e+21,1.4176798111262793e+21,2.9908819291349084e+20,2.159705604162422e+20,2.1880169417136905e+20,2.6921734180895208e+20
30.412186103429057,5.069688392454002e+18,5.674931759505002e+19,2.5874711262027288e+20,7.373847473265608e+20,1.627861556125594e+21,1.5469519646391547e+21,3.128673638718717e+20,2.204342506541687e+20,2.1518349174961206e+20,2.6114420960568138e+20
30.753475297340884,4.767826795174985e+18,5.365368880851667e+19,2.459344722361478e+20,7.0368267591749e+20,1.5549204114753056e+21,1.6678517345823993e+21,3.30324960890933e+20,2.2590917011980268e+20,2.121555350287599e+20,2.5358405719177452e+20
31.098594479451684,4.483325278298947e+18,5.072101005217129e+19,2.3372074056733216e+20,6.71464095360247e+20,1.4852503578017255e+21,1.7792891306905156e+21,3.541509772420204e+20,2.3230977162741226e+20,2.0976766771492258e+20,2.4655008938225503e+20
31.447586630347608,4.2149581224579963e+18,4.794043217253656e+19,2.2206664708195067e+20,6.406326965110082e+20,1.4186556265791527e+21,1.8805528526205663e+21,3.894383235073509e+20,2.3944683290496182e+20,2.080184218764026e+20,2.4003216427429377e+20
31.800495212948107,3.9621748047122524e+18,4.5307811878497575e+19,2.10958275918999e+20,6.111505668406388e+20,1.3550580858079446e+21,1.9662473279725917e+21,4.411654639407587e+20,2.4709672833417842e+20,2.0697932168699986e+20,2.340378438053726e+20
32.157364177918694,3.723815847346801e+18,4.281306744497574e+19,2.0036312849632952e+20,5.829293291475783e+20,1.2942796185871814e+21,2.0317994434678287e+21,5.1354643796256175e+20,2.5505262757304038e+20,2.067405855394774e+20,2.285637451763857e+20
32.51823796914456,3.49940202975837e+18,4.0451790738651e+19,1.9027214938577342e+20,5.559476832229457e+20,1.2362721381999764e+21,2.072896020551379e+21,6.107357239584474e+20,2.631673352155957e+20,2.0740231109731392e+20,2.2362221195745883e+20
32.88316152926545,3.287832666140158e+18,3.821321379416791e+19,1.8065290141523965e+20,5.301134993794304e+20,1.180838716216866e+21,2.0864361203678152e+21,7.323429679457193e+20,2.7133824675474204e+20,2.0897729631957352e+20,2.1921401755281297e+20
33.25218030527281,3.0889122813860173e+18,3.609288273514855e+19,1.7149002345832222e+20,5.053982849099596e+20,1.1279073409046561e+21,2.070617097073894e+21,8.753924330854626e+20,2.795204220891788e+20,2.1158765949262702e+20,2.153638665900135e+20
33.625340254169664,2.902011915770872e+18,3.4085409318820073e+19,1.6276724156991793e+20,4.8176579592162234e+20,1.0773819817261462e+21,2.027862157926199e+21,1.0324186103947479e+21,2.8791983596606387e+20,2.1534208656627427e+20,2.120709898632519e+20
34.00268784869404,2.72624430985119e+18,3.218297492401141e+19,1.5445981265835717e+20,4.591577483048145e+20,1.0291317167001313e+21,1.965650502898307e+21,1.1960008821620707e+21,2.975861499617173e+20,2.2022270997270407e+20,2.0936125273505697e+20
34.38427008310658,2.5609045858268774e+18,3.0380679114612277e+19,1.4654792930628772e+20,4.375361721104432e+20,9.830560479395521e+20,1.8913149207709092e+21,1.3585458636327184e+21,3.0975401481741566e+20,2.2613840943187552e+20,2.0727730052400326e+20
34.77013447904312,2.4053426627560095e+18,2.8675026339093643e+19,1.3901546053846122e+20,4.168605159655007e+20,9.390486527055643e+20,1.8115847340973868e+21,1.5142573410667693e+21,3.256573999821903e+20,2.3298685029053e+20,2.058292420541369e+20
35.16032909143308,2.259095105578894e+18,2.70614478737365e+19,1.3184369723041248e+20,3.970930064597269e+20,8.970051615520302e+20,1.731621098631903e+21,1.6596494918447415e+21,3.465378911611545e+20,2.40636135636978e+20,2.0507231715324907e+20
35.554902514483935,2.1216305338569664e+18,2.553538210565055e+19,1.2501821329888163e+20,3.781965525703399e+20,8.568191175553239e+20,1.6549109547482966e+21,1.7938574689934524e+21,3.768502434398543e+20,2.4876354339316872e+20,2.0512358158261653e+20
35.95390388773325,1.992358559335339e+18,2.409296786098569e+19,1.1852352293956374e+20,3.601302087558351e+20,8.183743981290434e+20,1.5815201036180028e+21,1.913035264630237e+21,4.223877609497739e+20,2.5706908345495624e+20,2.0607240230713924e+20
36.35738290216833,1.8706943723004588e+18,2.2730012440631402e+19,1.1234440150438694e+20,3.428612791191074e+20,7.815825028926518e+20,1.511331583283773e+21,2.011638107494602e+21,4.8815298878326846e+20,2.6541760466171177e+20,2.0794347242304097e+20
36.765389806414724,1.756198825933468e+18,2.144236319809992e+19,1.0646980398846576e+20,3.2635995155307935e+20,7.463629702125426e+20,1.444228719422399e+21,2.0848604808482089e+21,5.787425351420775e+20,2.737316786968439e+20,2.108563481026825e+20
37.17797541299401,1.6485466104907617e+18,2.0225531921215234e+19,1.0088639778953798e+20,3.105965335626826e+20,7.12652791397753e+20,1.380090241082079e+21,2.1282271854781517e+21,6.973774246487172e+20,2.8187139282402224e+20,2.1493966593027562e+20
37.595191104652024,1.5473001428556152e+18,1.9075382068426334e+19,9.558152196349408e+19,2.955390076892805e+20,6.803817889942226e+20,1.3187854205781567e+21,2.1386384378462132e+21,8.428219388439383e+20,2.8987862786165932e+20,2.2018420356031545e+20
38.01708884075792,1.452029084363533e+18,1.7988239728041277e+19,9.054070112041574e+19,2.8115822117051508e+20,6.494829794302619e+20,1.2602048945592103e+21,2.1168228346123164e+21,1.009369635320602e+21,2.988937938979843e+20,2.2647952734023873e+20
38.443721163775095,1.362281182404731e+18,1.696033809752203e+19,8.575083937138059e+19,2.674252217346086e+20,6.198937796948827e+20,1.204236488669991e+21,2.0680581103539147e+21,1.1877115418618608e+21,3.10402604145367e+20,2.3374248086432865e+20
38.87514120580478,1.2777933374551836e+18,1.5988607520839453e+19,8.120117865851907e+19,2.5431883815399165e+20,5.915679829929028e+20,1.1507939428014918e+21,2.0006551352690837e+21,1.3689122280361702e+21,3.2589373277633636e+20,2.41801029388236e+20
39.31140269520297,1.1983412001888957e+18,1.506996813662422e+19,7.687851402883863e+19,2.4180949327886254e+20,5.644456275658955e+20,1.0997553805917203e+21,1.9225289236157233e+21,1.5447820281634265e+21,3.4679128760776065e+20,2.5028453875051472e+20
39.752559963271786,1.1235669986428788e+18,1.4201081171268497e+19,7.277026506031608e+19,2.2986553964457683e+20,5.384662842192482e+20,1.0509890019893674e+21,1.8403706276507408e+21,1.709429456542893e+21,3.766051027153357e+20,2.588539382935442e+20
40.19866795102565,1.0532947469743895e+18,1.3380730759002395e+19,6.8870275114722976e+19,2.1847471944739763e+20,5.1361098262063894e+20,1.0044299302788534e+21,1.7596924833323908e+21,1.8578231298095616e+21,4.2202326939068144e+20,2.6738457474334956e+20
40.64978221603364,9.871818474750266e+17,1.260536737140011e+19,6.516505540602687e+19,2.0760154767291954e+20,4.898069059768475e+20,9.599116534352903e+20,1.6823333144222554e+21,1.9843077082941909e+21,4.88318590126203e+20,2.7572925276911124e+20
41.10595893933856,9.251800689567302e+17,1.1873743459569207e+19,6.165055148706008e+19,1.972358188890578e+20,4.6703516187743814e+20,9.173715771526134e+20,1.6082881719463654e+21,2.0827731062959196e+21,5.810569465898949e+20,2.8373789694565027e+20
41.567254932453565,8.670357453764035e+17,1.118327381498695e+19,5.831427039090801e+19,1.8734687366256024e+20,4.452313974888892e+20,8.766584092519696e+20,1.5373934853162931e+21,2.1491171291373104e+21,7.039754306966009e+20,2.9144241945835163e+20
42.03372764443743,8.125560393637866e+17,1.0532420221417544e+19,5.515243302575041e+19,1.779228849041851e+20,4.2437159515684785e+20,8.376969044185192e+20,1.4695992125334128e+21,2.17891575727798e+21,8.576982810007477e+20,3.000242156963288e+20
42.50543516904913,7.614938195230038e+17,9.918640078902487e+18,5.215443976062889e+19,1.6894193862516988e+20,4.044133183805082e+20,8.003845031680432e+20,1.404773739691034e+21,2.1718962629532453e+21,1.0363679577244469e+21,3.113154299633239e+20
42.982436251982804,7.136060839663561e+17,9.33975245051056e+18,4.9312098743429366e+19,1.6038309480864996e+20,3.853192620263005e+20,7.646412885167419e+20,1.3427867803647166e+21,2.1326232077938485e+21,1.2293236128872095e+21,3.271696629530529e+20
43.46479029818377,6.687099402926592e+17,8.793865547127688e+18,4.661717091023212e+19,1.522278602900345e+20,3.670570256112892e+20,7.304063979182964e+20,1.2835367036173906e+21,2.070326768963559e+21,1.426243666494134e+21,3.494913642910752e+20
43.95255737924679,6.266262328275247e+17,8.279011679625886e+18,4.40619954048988e+19,1.4445972020344114e+20,3.4959516905080567e+20,6.97616188613617e+20,1.2269224811090393e+21,1.9939084742314924e+21,1.6178992983351023e+21,3.812629553912015e+20
44.44579824089713,5.871827529056972e+17,7.793431307666763e+18,4.164009471442121e+19,1.370626278605613e+20,3.3290321059534216e+20,6.662100792749936e+20,1.1728488957559281e+21,1.9110595465482621e+21,1.7948012906433793e+21,4.289696281528806e+20
44.94457431055604,5.502021024056596e+17,7.335371289772163e+18,3.934374224450412e+19,1.3001937856348329e+20,3.169462898770063e+20,6.36119008209538e+20,1.1212021695961694e+21,1.8281446408676384e+21,1.9473092239816138e+21,4.987511938703913e+20
45.44894770499053,5.155141827528074e+17,6.903341759573337e+18,3.7167270233873195e+19,1.2331455130939544e+20,3.0169366893185886e+20,6.07285484870767e+20,1.0718696262263283e+21,1.7484590195527168e+21,2.069598630963024e+21,5.956206162458689e+20
45.95898123804945,4.829817327323959e+17,6.495769458304013e+18,3.5105788975568343e+19,1.169351974110934e+20,2.8711872743071266e+20,5.796636434041006e+20,1.0247371129871872e+21,1.6720472555469734e+21,2.156636611973819e+21,7.242052242689342e+20
46.47473842848615,4.524803093513329e+17,6.111175583342106e+18,3.3153335538168295e+19,1.108661186073881e+20,2.731929156853951e+20,5.532069230547182e+20,9.796801712801182e+20,1.5988239571743322e+21,2.2039577306059173e+21,8.851449646676215e+20
46.99628350786907,4.2387852384955386e+17,5.748294847629949e+18,3.1305088798225154e+19,1.05092908298902e+20,2.59888997696769e+20,5.2786817098811317e+20,9.365783124299018e+20,1.5287050486012707e+21,2.2110555961690064e+21,1.0729601765169445e+21
47.523681428580986,3.970531731487933e+17,5.405971696112359e+18,2.9556240687362777e+19,9.960146231624752e+19,2.471822800800797e+20,5.0360063390266845e+20,8.953188368056556e+20,1.4616055984169102e+21,2.182076479300364e+21,1.2769061442351268e+21
48.05699787190808,3.7188165589168877e+17,5.083283653199855e+18,2.7901868109260763e+19,9.437888977044744e+19,2.3505109142708063e+20,4.8036213671663246e+20,8.558047594778501e+20,1.3974359655166472e+21,2.1259877207314412e+21,1.48537677702294e+21
48.59629925621983,3.4827253839930266e+17,4.779287894138245e+18,2.633772727258157e+19,8.94135068482332e+19,2.234754974166871e+20,4.581148427923617e+20,8.179570147174229e+20,1.3361016836001568e+21,2.052450501273596e+21,1.6873140178016306e+21
49.14165274524058,3.261251215304066e+17,4.4928044556094525e+18,2.485729333364494e+19,8.469069401024422e+19,2.124258301421816e+20,4.3680526193544665e+20,7.816847862649597e+20,1.2774561292836916e+21,1.9703028165832548e+21,1.8698438309685268e+21
49.69312625641402,3.05366834847029e+17,4.223379008505553e+18,2.345761100936431e+19,8.020317508625334e+19,2.018883668674481e+20,4.1641130213172353e+20,7.469461540554805e+20,1.2214370660177444e+21,1.8863267729860584e+21,2.0209692616841717e+21
50.250788469361545,2.858822875686003e+17,3.9697789001452344e+18,2.213303889766037e+19,7.59380880054225e+19,1.918332858129661e+20,3.968846540281728e+20,7.136478030564642e+20,1.1678989484766724e+21,1.804938595911358e+21,2.1354047830278928e+21
50.81470883443548,2.6759457693342566e+17,3.731249534711044e+18,2.0880129365692473e+19,7.18886866044047e+19,1.8224600698277108e+20,3.782064478545108e+20,6.817449958343757e+20,1.116777120641119e+21,1.7267251123643923e+21,2.2080892484612449e+21
51.38495758136832,2.504288435411184e+17,3.506786516734879e+18,1.9694792638097527e+19,6.804459514619661e+19,1.731011244057573e+20,3.6033800514607625e+20,6.511624763180102e+20,1.0679349274432382e+21,1.6516129197344261e+21,2.2367906865483932e+21
51.961605728019,2.3432925470000813e+17,3.2955244169899807e+18,1.8573063281322357e+19,6.439600249245057e+19,1.6437829923904366e+20,3.432474298511486e+20,6.21841869579388e+20,1.0212482059920909e+21,1.579562202685187e+21,2.2243675061394276e+21
52.54472508921745,2.1922976180276234e+17,3.0966803642204877e+18,1.7511815856917991e+19,6.093514100132501e+19,1.5606098340871222e+20,3.26904552256009e+20,5.937385401445298e+20,9.765932424943859e+20,1.5105374596580112e+21,2.1792624827297481e+21
53.134388285708184,2.050728639677141e+17,2.9095596780428293e+18,1.650865988142189e+19,5.765198777451285e+19,1.4813493788565724e+20,3.112807404351145e+20,5.6681258213983676e+20,9.338579129387057e+20,1.4444892077428567e+21,2.1118816277700388e+21
53.7306687531943,1.9180274227754288e+17,2.7334225716945254e+18,1.5560455271822035e+19,5.453706856472694e+19,1.4058355082093851e+20,2.96343345688293e+20,5.410156247593006e+20,8.92925913527441e+20,1.3813265312806965e+21,2.0319569506228544e+21
54.333640751483266,1.793823812500697e+17,2.5675995938163195e+18,1.4664885316698026e+19,5.158045356719097e+19,1.3339252306545734e+20,2.820630489666675e+20,5.1630253912684206e+20,8.536982210216692e+20,1.320941622626259e+21,1.947500846057756e+21
54.94337937373501,1.677681299099843e+17,2.411494728470708e+18,1.3819579375719746e+19,4.877480284654918e+19,1.2654800759719472e+20,2.6841293011781078e+20,4.926298532227076e+20,8.161054871194129e+20,1.2632264500571558e+21,1.8644149480439113e+21
55.55996055581387,1.5690876975285005e+17,2.2645345969644006e+18,1.3022268081848592e+19,4.611229027089318e+19,1.2003554418451921e+20,2.5536974236715585e+20,4.6995616123764736e+20,7.800866309411971e+20,1.2080820055028238e+21,1.7843634962579126e+21
56.183461085745456,1.467529850668298e+17,2.1261441407228367e+18,1.227029830058823e+19,4.3586060250759225e+19,1.1383974147926909e+20,2.429095230362815e+20,4.482364148390143e+20,7.455665677025513e+20,1.1554012621776058e+21,1.7073243270219867e+21
56.813958613279915,1.3725432836731435e+17,1.995801659926601e+18,1.1560952729033376e+19,4.118964448274208e+19,1.07944014756434e+20,2.3101017259724462e+20,4.274324107747631e+20,7.12473936322324e+20,1.1050658235974873e+21,1.6332834280805992e+21
57.4515316595622,1.2837155291133382e+17,1.873034843175798e+18,1.0891648447219962e+19,3.891811387639414e+19,1.023337821368528e+20,2.1965253094943542e+20,4.075123558513206e+20,6.807468769840688e+20,1.0569652402188701e+21,1.562240891506503e+21
58.0962596269108,1.2006557153986536e+17,1.7574381195282685e+18,1.0260286240299123e+19,3.6766107217952457e+19,9.699489520373672e+19,2.0881637864312504e+20,3.8844466796506356e+20,6.503256247577659e+20,1.010978124283022e+21,1.4941823919726283e+21
58.74822280870673,1.1229604280543629e+17,1.648545157073857e+18,9.664263972731769e+18,3.4728223057998787e+19,9.19124931767926e+19,1.9847703416962957e+20,3.701934019098425e+20,6.211498820370534e+20,9.669615499235624e+20,1.4290375351451923e+21
59.407502399392726,1.0503094545528661e+17,1.5461037494151683e+18,9.101801094080354e+18,3.2799817541042815e+19,8.707751301248005e+19,1.8861476218131877e+20,3.527335850873063e+20,5.931843662396154e+20,9.248085526935973e+20,1.366747646111828e+21
60.07418050458552,9.823611001208614e+16,1.4498151224343928e+18,8.570739598965947e+18,3.097572792845347e+19,8.247929430111927e+19,1.7920545519610682e+20,3.360327826242155e+20,5.663800732426583e+20,8.844090974694347e+20,1.3072075995627968e+21
60.74834015130066,9.18803846191019e+16,1.3593089648554644e+18,8.069208984138997e+18,2.924999222602624e+19,7.810879233965066e+19,1.7022708696352237e+20,3.20059227828722e+20,5.406904407584552e+20,8.456776182335616e+20,1.2502993187798046e+21
61.43006529829299,8.593602998941579e+16,1.2743303302525683e+18,7.595631834559199e+18,2.761737292842908e+19,7.395718960892592e+19,1.6166175726945062e+20,3.047841768982433e+20,5.1607388662232606e+20,8.085535387456575e+20,1.1959252317681206e+21
62.11944084651253,8.037722831230952e+16,1.1946611181536576e+18,7.148443442979453e+18,2.607265014113181e+19,7.0016276802657395e+19,1.5349347972676148e+20,2.9017967597919548e+20,4.924897887151885e+20,7.72974745247301e+20,1.1439847288580666e+21
62.81655264967779,7.517766933376757e+16,1.1199607453047112e+18,6.72624661049352e+18,2.461066584418912e+19,6.627660144132171e+19,1.4570669100279749e+20,2.762149000429007e+20,4.698915165630181e+20,7.388669051706714e+20,1.0943503761562856e+21
63.52148752496825,7.031382967274359e+16,1.049901469057666e+18,6.327769902950108e+18,2.3226578140254716e+19,6.272847776863436e+19,1.3828740227491522e+20,2.6286437866027916e+20,4.4823983213681476e+20,7.061599941746575e+20,1.0469000719265896e+21
64.23433326383578,6.576463255680556e+16,9.841950910961288e+17,5.951948769833806e+18,2.19161147052375e+19,5.9361934586529825e+19,1.312225280245115e+20,2.5010462751368276e+20,4.275004166793767e+20,6.747908859915197e+20,1.0015114699986174e+21
64.95517864293879,6.1510095007773384e+16,9.225827922711866e+17,5.597732124003363e+18,2.067536114670601e+19,5.616738378027409e+19,1.2449888190456234e+20,2.3791496075175644e+20,4.076401926425214e+20,6.447041560138728e+20,9.580555861344036e+20
65.68411343519789,5.753021982622387e+16,8.647946840952246e+17,5.263995862046136e+18,1.950072237075675e+19,5.313491444870992e+19,1.1810090622607947e+20,2.2627320705707632e+20,3.886228589693701e+20,6.158502091243093e+20,9.164093858758265e+20
66.42122842097602,5.380683974358805e+16,8.105789805026849e+17,4.949844534519623e+18,1.8389290799655932e+19,5.025533658809395e+19,1.1201166967518747e+20,2.1515877678658293e+20,3.7041514772072366e+20,5.881825267638431e+20,8.764753301841236e+20
67.16661539938443,5.032459471715408e+16,7.597350644787963e+17,4.654171322078871e+18,1.7338518624953911e+19,4.752173236030438e+19,1.0621772582050544e+20,2.045554301136969e+20,3.529929685375219e+20,5.6166438495535635e+20,8.381970439236338e+20
67.92036719971476,4.706613782146041e+16,7.120313241162391e+17,4.3758297807475185e+18,1.6345453567057684e+19,4.492635793486236e+19,1.0070146690890698e+20,1.9443628178594084e+20,3.363206535773672e+20,5.362409187748078e+20,8.014934905882207e+20
68.68257769300033,4.40190228946115e+16,6.672904705369407e+17,4.1138585595129206e+18,1.5407801414890676e+19,4.246429272299223e+19,9.54514674498922e+19,1.847826743162154e+20,3.203760512911737e+20,5.118776261355358e+20,7.66310856387792e+20
69.45334180370615,4.1168211210127416e+16,6.253077695667973e+17,3.8671613088868383e+18,1.452278091579907e+19,4.01294953092308e+19,9.045415726960704e+19,1.7556946654527685e+20,3.051246105351843e+20,4.8852531544109783e+20,7.325705966010169e+20
70.23275552155118,3.850122469873999e+16,5.859201690051779e+17,3.634931705264726e+18,1.368760543359935e+19,3.791720050444652e+19,8.569927715908002e+19,1.6677837915774065e+20,2.9053823169975668e+20,4.661452664536163e+20,7.002068572788427e+20
71.02091591346247,3.6005991218996084e+16,5.4896701522553504e+17,3.416226381770349e+18,1.2899428147845702e+19,3.58221919364827e+19,8.117754678205394e+19,1.5839218420482015e+20,2.765903410702469e+20,4.447022754956385e+20,6.691582431689471e+20
71.81792113566357,3.3671818461276012e+16,5.142947965063308e+17,3.210318617662829e+18,1.2155654984065305e+19,3.3839489034634187e+19,7.688062946343425e+19,1.5039479444068837e+20,2.6325578575733716e+20,4.2416205060286035e+20,6.393755078563976e+20
72.62387044589916,3.148830931732245e+16,4.8175832796828435e+17,3.0164050992943007e+18,1.1453685750031475e+19,3.1962884371986338e+19,7.279959977636794e+19,1.427709464795905e+20,2.505097297234065e+20,4.044890715423324e+20,6.108127924482517e+20
73.43886421579596,2.9445803111669156e+16,4.5122704299412454e+17,2.8337803297832125e+18,1.0791174947995046e+19,3.018677353439248e+19,6.89255736245592e+19,1.3550764836403392e+20,2.3832978159713177e+20,3.856505822444527e+20,5.834251285948078e+20
74.26300394336333,2.753473852772817e+16,4.2257345142996077e+17,2.6618085874769085e+18,1.0165810809058183e+19,2.850563888573407e+19,6.524795033624128e+19,1.2859111173569087e+20,2.266947547364935e+20,3.6761323676427636e+20,5.5716539680048644e+20
75.09639226563343,2.5746266267749216e+16,3.9567657147615616e+17,2.4997713007079747e+18,9.5754314980057e+18,2.691428043335772e+19,6.175672329460771e+19,1.2200618682154651e+20,2.155844561980966e+20,3.503459143132306e+20,5.3198742953458624e+20
75.93913297144324,2.4073078649085492e+16,3.7042728155130656e+17,2.347151787730264e+18,9.018105167646867e+18,2.540801558568532e+19,5.844289907411935e+19,1.1573822546406272e+20,2.0497971774669586e+20,3.3382227637388476e+20,5.078506500607391e+20
76.7913310143609,2.2507803441968056e+16,3.467280120221526e+17,2.2033217727938947e+18,8.491759899700453e+18,2.3981921184350487e+19,5.529711679633738e+19,1.0977190375154185e+20,1.948588835371122e+20,3.180138251055692e+20,4.8471300024157176e+20
77.65309252575557,2.104353368685299e+16,3.2448414140669414e+17,2.0677950482789015e+18,7.994726378865287e+18,2.2631628766453154e+19,5.2310400428917e+19,1.0409217510692933e+20,1.8520023805287924e+20,3.028926232222605e+20,4.6253817634420536e+20
78.5245248280157,1.9673639411397324e+16,3.036196166352182e+17,1.9401642571274826e+18,7.525289539494477e+18,2.1353041990117552e+19,4.94746937960932e+19,9.868510594861507e+19,1.7598237085646255e+20,2.8842942347047967e+20,4.412892263993281e+20
79.4057364479144,1.8392368363642508e+16,2.8406484617196128e+17,1.8200189657418396e+18,7.082207737390708e+18,2.0142983819448545e+19,4.678329760198649e+19,9.353934902409704e+19,1.6718768759703447e+20,2.7459952483941843e+20,4.2093348055052006e+20
80.29683713012506,1.7194556013974122e+16,2.6574174147604003e+17,1.7070551949949532e+18,6.664073072364535e+18,1.8998323332364055e+19,4.422972754197873e+19,8.864365103767622e+19,1.587987819064337e+20,2.6137769086044078e+20,4.014366202220188e+20
81.19793785088912,1.60747633592091e+16,2.4858778332806883e+17,1.6008959048523466e+18,6.269750543636547e+18,1.791591329071304e+19,4.1807822931739484e+19,8.398706275830365e+19,1.507985337784701e+20,2.4873886704041027e+20,3.8276384124966044e+20
82.10915083183649,1.5027906997190308e+16,2.325419498048872e+17,1.5012689816668255e+18,5.898073754519023e+18,1.6893008437076234e+19,3.951201860703276e+19,7.955956892872802e+19,1.4317121333708146e+20,2.366601298405929e+20,3.648828807099874e+20
83.03058955396189,1.4049387898631856e+16,2.1753472466203488e+17,1.407821124009313e+18,5.548059044033306e+18,1.5927176698880178e+19,3.73375032229834e+19,7.535290691547724e+19,1.3590338798020905e+20,2.251212132143688e+20,3.4776493812178125e+20
83.96236877175706,1.3134568615713944e+16,2.0349649496644858e+17,1.3201501291752886e+18,5.218387264434635e+18,1.501531101030957e+19,3.5278161255138275e+19,7.135712450472387e+19,1.2898017859954133e+20,2.1410076945061455e+20,3.313798054590012e+20
84.90460452750263,1.22792340577889e+16,1.9036368062801408e+17,1.237899442947692e+18,4.907858521519576e+18,1.415425309908886e+19,3.33277604823696e+19,6.756165790964597e+19,1.2238563643391064e+20,2.0357712877165822e+20,3.1569962917296466e+20
85.85741416571959,1.1479794937727134e+16,1.780814678338526e+17,1.1607402180811282e+18,4.615392863869305e+18,1.3341402559818476e+19,3.148112694154258e+19,6.395760707935324e+19,1.1610649911468248e+20,1.9353220159697063e+20,3.007014993628202e+20
86.82091634778297,1.0732329158697278e+16,1.665904018193913e+17,1.0883366229471639e+18,4.3398774964040207e+18,1.2573747892551457e+19,2.973211712161845e+19,6.053441558470015e+19,1.1012665575750074e+20,1.8394364715807523e+20,2.8635526902801177e+20
87.79523106670024,1.0033572172762082e+16,1.558414695213096e+17,1.0204072470904492e+18,4.080296104558816e+18,1.1848857761198602e+19,2.8075716936463114e+19,5.7283475551309095e+19,1.044334368085829e+20,1.74793979768231e+20,2.7263721410490404e+20
88.78047966205449,9.380388324892458e+15,1.4578733091711037e+17,9.566637534507794e+17,3.8357795917479905e+18,1.1164356982030668e+19,2.6507089269792276e+19,5.41964331489131e+19,9.901476161487323e+19,1.660656436874389e+20,2.595229049846571e+20
89.77678483511644,8.769734416668751e+15,1.3638147391191557e+17,8.96855259420952e+17,3.60536828493622e+18,1.051790302974763e+19,2.5021475266157375e+19,5.126577153762592e+19,9.385856876537697e+19,1.577406869763159e+20,2.4698719372746627e+20
90.78427066412486,8.198842584515135e+15,1.2758201869279955e+17,8.40724794737029e+17,3.388291655933207e+18,9.907341421293064e+18,2.3614630825983267e+19,4.848460603132255e+19,8.895390714936875e+19,1.4980273027944035e+20,2.3500686120435817e+20
91.80306261973966,7.665127191746377e+15,1.1935023214418859e+17,7.880439446578629e+17,3.183703724045718e+18,9.330635689253364e+18,2.228295480939724e+19,4.584639298546628e+19,8.429011100257511e+19,1.4223573209741722e+20,2.2355955212151266e+20
92.8332875806673,7.166221192519301e+15,1.1165015542134205e+17,7.386128768673107e+17,2.990948641213482e+18,8.785982661365183e+18,2.1023105651598135e+19,4.334502798311834e+19,7.985712165767486e+19,1.3502447949037987e+20,2.1262474997682697e+20
93.87507384946227,6.699768886029877e+15,1.044456877254496e+17,6.922053740396758e+17,2.8092338838585687e+18,8.271694742816928e+18,1.983157136369865e+19,4.097398606718089e+19,7.564402581229153e+19,1.2815238471911376e+20,2.0218020306372637e+20
94.92855116850595,6.263720956516028e+15,9.770577884097403e+16,6.486521119797169e+17,2.6379915335736366e+18,7.786393358092551e+18,1.870540479741226e+19,3.872761281883083e+19,7.164059388450901e+19,1.2160488285802129e+20,1.9220694199357355e+20
95.99385073616388,5.856039787096626e+15,9.139977599680122e+16,6.077629003962767e+17,2.476549782194795e+18,7.32862617759151e+18,1.76413754330774e+19,3.659911202861911e+19,6.783607314791506e+19,1.1536657092076275e+20,1.826865415841566e+20
97.07110522312568,5.474960447545749e+15,8.550078983440451e+16,5.6938230781544915e+17,2.3244611956154947e+18,6.897102730666767e+18,1.6636590896162787e+19,3.4582635664901472e+19,6.422131510770946e+19,1.0942475384751265e+20,1.7360341520594207e+20
98.16044878892733,5.118686595961236e+15,7.998143456755227e+16,5.3335375105113946e+17,2.1812392837771105e+18,6.490441206082843e+18,1.5687427290618104e+19,3.2671988673644036e+19,6.078660973657089e+19,1.0376731542569296e+20,1.6493917264251175e+20
99.26201709865884,4.78560850499937e+15,7.481736527220906e+16,4.9952152146797856e+17,2.0464911151330156e+18,6.107364217015083e+18,1.4790817442353895e+19,3.0861661790723887e+19,5.7523130628197695e+19,9.838333550223784e+19,1.5667703108368456e+20
100.37594733986059,4.474212727401998e+15,6.998570555571959e+16,4.677601744315652e+17,1.9198249545877934e+18,5.746469308327166e+18,1.3943757085476866e+19,2.91463044419709e+19,5.442325833772474e+19,9.326166614648375e+19,1.4880028738437182e+20
101.50237823960748,4.1831103034538175e+15,6.5465149209981144e+16,4.37933662903452e+17,1.8008582290313357e+18,5.406360316620439e+18,1.3143522701375807e+19,2.752097591515288e+19,5.14807267243678e+19,8.839176431440627e+19,1.4129258245476195e+20
102.64145008178672,3.9109741051546275e+15,6.1235546102409576e+16,4.09928918916722e+17,1.6892261536377103e+18,5.08584490417734e+18,1.2387513701110393e+19,2.5980893212062126e+19,4.86892267584893e+19,8.376274648015823e+19,1.3413651611563983e+20
103.79330472456766,3.6565433745868375e+15,5.727781914408817e+16,3.83648952877278e+17,1.5844986429252488e+18,4.783728657026852e+18,1.1673170453472874e+19,2.4521822166680035e+19,4.604220268637556e+19,7.936330485088726e+19,1.2731430282979644e+20
104.95808561806932,3.418700704908456e+15,5.357494527340215e+16,3.589974677656828e+17,1.4862491967011963e+18,4.49899919397499e+18,1.0998228149370673e+19,2.314055056463901e+19,4.353368339888003e+19,7.518224394906866e+19,1.2081202694467805e+20
106.13593782222515,3.196347697893665e+15,5.011007859311633e+16,3.358948766904926e+17,1.394045030624573e+18,4.230604233919075e+18,1.0360441333743456e+19,2.1833776901001454e+19,4.11571664581259e+19,7.120730796904065e+19,1.1461492399590154e+20
107.32700802484821,2.9884718240567845e+15,4.686785052476191e+16,3.142539706580816e+17,1.307504465928353e+18,3.977592254022245e+18,9.757754102792387e+18,2.059831262353957e+19,3.890596812251017e+19,6.742837746374845e+19,1.0871047984286984e+20
108.5314445599002,2.794133836798558e+15,4.383400920037795e+16,2.94003713633853e+17,1.226279065471576e+18,3.739064000460774e+18,9.188305155320336e+18,1.9431004198855127e+19,3.6772632169939706e+19,6.383595471758049e+19,1.0308857441713324e+20
109.74939742596386,2.6124504849766885e+15,4.0995061011822104e+16,2.7506117509486816e+17,1.1500365144270205e+18,3.514181121765134e+18,8.650534784764024e+18,1.8328666999631161e+19,3.4750325684718273e+19,6.042090147466705e+19,9.773945235063566e+19
110.98101830492443,2.4425967860156945e+15,3.833830204506693e+16,2.5734130856846534e+17,1.0784646652846047e+18,3.302154066228742e+18,8.143028704923331e+18,1.7287931610640644e+19,3.28331940121779e+19,5.7175043943206584e+19,9.265249242760774e+19
112.2264605808591,2.283819607675814e+15,3.5852311910084708e+16,2.4076642353196912e+17,1.0112847862705334e+18,3.102240250134094e+18,7.664515988327908e+18,1.6305063286311981e+19,3.1015904529109877e+19,5.4092125291698495e+19,8.781755948351404e+19
113.48587935913952,2.1353747204352918e+15,3.3525751978388596e+16,2.2525943647129424e+17,9.482070691352109e+17,2.913716067505807e+18,7.213658777107409e+18,1.537630506004738e+19,2.929298848289274e+19,5.1165780107032945e+19,8.322288743188359e+19
114.75943148574873,1.996600718370734e+15,3.134868319349992e+16,2.107528586690419e+17,8.88991868127873e+17,2.73592517288413e+18,6.78913671590612e+18,1.4498506684124936e+19,2.7659711275593675e+19,4.839066263800999e+19,7.885722528244318e+19
116.04727556681377,1.866865758051175e+15,2.9311972999884764e+16,1.9718118707171075e+17,8.333894600958706e+17,2.5683002019096704e+18,6.38956396358565e+18,1.3668818087745217e+19,2.611147257415036e+19,4.5760737728030286e+19,7.470735828575796e+19
117.34957198835889,1.7455784159278565e+15,2.740670721500791e+16,1.8448344305488566e+17,7.811836704846204e+17,2.410378105205738e+18,6.013328325075829e+18,1.2884540638320368e+19,2.464454698797072e+19,4.3269574579321766e+19,7.076073204863263e+19
118.66648293627956,1.6321890267926978e+15,2.562452931128516e+16,1.7260290783775408e+17,7.321563261177418e+17,2.261727256972826e+18,5.65888838600626e+18,1.2143168535254075e+19,2.325567365355331e+19,4.0910506580204265e+19,6.7006920182506684e+19
119.99817241654046,1.526195119751451e+15,2.3958164495019416e+16,1.6148808000732214e+17,6.861246743886246e+17,2.1219525654868982e+18,5.324856891228428e+18,1.1442360083711586e+19,2.1942034629421384e+19,3.867600667816866e+19,6.3437023945489146e+19
121.34480627560124,1.4271061798179878e+15,2.240010274981767e+16,1.5108817481992042e+17,6.428871934329592e+17,1.9906600556637005e+18,5.009889492220075e+18,1.0779777094073313e+19,2.070059079077559e+19,3.6558071507061993e+19,6.004183885499212e+19
122.70655222106998,1.3344730799136575e+15,2.0943435095424772e+16,1.4135762612904125e+17,6.022845788315924e+17,1.8674557126107238e+18,4.712855083657762e+18,1.0153344626091706e+19,1.9528364865999905e+19,3.454977187017256e+19,5.6814474328420295e+19
124.08357984259004,1.247870327789472e+15,1.958147115988113e+16,1.3225282243324072e+17,5.641414225661659e+17,1.7519275165934666e+18,4.4326953755142226e+18,9.561214316929833e+18,1.842206226210408e+19,3.2644984844192338e+19,5.3748852724683735e+19
125.47606063295963,1.1669095532330305e+15,1.830810511748587e+16,1.2373387711473406e+17,5.283162821203519e+17,1.6435927395298565e+18,4.168461409870017e+18,9.001883287724971e+18,1.7377866174064509e+19,3.0838404483184587e+19,5.0839629620715905e+19
126.88416800949,1.0912254733699206e+15,1.7117582235471648e+16,1.157626616061412e+17,4.946614506972152e+17,1.5419822042794066e+18,3.9192358604815427e+18,8.473940997641837e+18,1.6391784835357303e+19,2.9124938667233722e+19,4.808164940835182e+19
128.30807733560223,1.0204805692209236e+15,1.6004489197228182e+16,1.0830403303708134e+17,4.630575412965635e+17,1.4466551093263135e+18,3.684134980730771e+18,7.976052393957455e+18,1.5460066733521744e+19,2.7499761329696326e+19,4.546920439156955e+19
129.74796594266638,9.543449512336142e+14,1.4963742184097108e+16,1.0132456831223e+17,4.3339123054842054e+17,1.3571955720525263e+18,3.4623386792185395e+18,7.506926938684371e+18,1.4579234260336974e+19,2.595891753806921e+19,4.2995759633771815e+19
131.20401315208687,8.925205122375508e+14,1.3990747914540156e+16,9.479391644496531e+16,4.0556569791860666e+17,1.2732252249014408e+18,3.253103570250333e+18,7.065364933233591e+18,1.3746295816399931e+19,2.4499219751274762e+19,4.065423506079428e+19
132.67640029763393,8.347205443175569e+14,1.308098888823682e+16,8.868282137697914e+16,3.794832437770911e+17,1.1943801151944914e+18,3.05568483532909e+18,6.649956739705822e+18,1.2958520375980253e+19,2.3117498337036694e+19,3.843608177163298e+19
134.16531074802722,7.806888489343176e+14,1.2230395809010916e+16,8.296411970511069e+16,3.550537540521476e+17,1.1203297667669475e+18,2.869416329025535e+18,6.259048837750786e+18,1.22134472891187e+19,2.181099152003729e+19,3.6333529579257147e+19
135.67092992977237,7.301881143965206e+14,1.1435131708819424e+16,7.761275855671714e+16,3.3219179490228e+17,1.0507844596960099e+18,2.6937687862821407e+18,5.891032505147789e+18,1.150874078818583e+19,2.057694690045936e+19,3.4339367440332722e+19
137.19344535025303,6.82978564449632e+14,1.0691585923707014e+16,7.260510056906914e+16,3.108051739723594e+17,9.854631411840722e+17,2.528260302341857e+18,5.544377694798003e+18,1.0842182446302362e+19,1.9412392635197325e+19,3.244714598841302e+19
138.73304662108362,6.388416341771595e+14,9.996366489743208e+15,6.79184827665857e+16,2.9079768548436934e+17,9.241063540676818e+17,2.3724485572161403e+18,5.217647821350046e+18,1.0211708292525814e+19,1.8313733191831857e+19,3.0651539900745425e+19
140.28992548172238,5.975814376544476e+14,9.346385625789194e+15,6.353296381298231e+16,2.7208174377439437e+17,8.664732495439483e+17,2.225948852553838e+18,4.909543820025518e+18,9.61571851241912e+18,1.7276875691203232e+19,2.8947722802475725e+19
141.86427582335108,5.5901521514110556e+14,8.738657762891702e+15,5.942851362241116e+16,2.5457235802161286e+17,8.12330692909636e+17,2.0883579758679153e+18,4.618831851737757e+18,9.052713654540602e+18,1.6297717784691562e+19,2.733113689841211e+19
143.45629371302115,5.229725544351274e+14,8.170465938619185e+15,5.5587389011534536e+16,2.3819225417581187e+17,7.614655368807511e+17,1.9592731858942257e+18,4.344495353933814e+18,8.521398152067606e+18,1.5372509464957856e+19,2.579839054921277e+19
145.0661774180723,4.892798334974949e+14,7.639245132863042e+15,5.199264021685022e+16,2.228685746049602e+17,7.136782466100035e+17,1.8382267425482033e+18,4.0855878236262456e+18,8.020494204000302e+18,1.4497743198419692e+19,2.4346476115604124e+19
146.69412743082407,4.5778047267030856e+14,7.142581174457506e+15,4.862817562860178e+16,2.085327580749978e+17,6.687802966897055e+17,1.7247123983249382e+18,3.841230087623306e+18,7.548729321212792e+18,1.3670191454987543e+19,2.2972531402447286e+19
148.3403464935444,4.283308297678488e+14,6.678217523225377e+15,4.547932932306982e+16,1.9512035591467984e+17,6.265908502026716e+17,1.6182553863197379e+18,3.610587148465236e+18,7.104824454689861e+18,1.2887113167084222e+19,2.16738331682233e+19
150.00503962369976,4.0079860591952656e+14,6.244096045183564e+15,4.253220247694986e+16,1.8257228615640538e+17,5.869488696955686e+17,1.5184192188149652e+18,3.3928876473722e+18,6.68728126087353e+18,1.2146119127962923e+19,2.0447703079421186e+19
151.68841413948672,3.7505171893664775e+14,5.838219964119448e+15,3.977394892498772e+16,1.7083169694280224e+17,5.496939809706324e+17,1.4247652855959634e+18,3.1873762283584686e+18,6.294466322811756e+18,1.1444863115809522e+19,1.929110805471556e+19
153.39067968565178,3.5096308363485706e+14,5.458745842927482e+15,3.7192842869938264e+16,1.5984599359533155e+17,5.146896932139733e+17,1.3368888504399145e+18,2.9933704942777467e+18,5.924766833763237e+18,1.078119012707923e+19,1.8200144480666393e+19
155.11204825959993,3.284238957519784e+14,5.103954819974765e+15,3.4777711991797452e+16,1.4956618145310646e+17,4.818194180772816e+17,1.2544070336891192e+18,2.8103492100522844e+18,5.576636265077025e+18,1.0153348851390577e+19,1.7170578454028153e+19
156.85273423779603,3.073351332929856e+14,4.772263956056571e+15,3.2518564832301356e+16,1.3994661856544562e+17,4.509749381868731e+17,1.176962988936728e+18,2.6378497406416077e+18,5.248622262067755e+18,9.55986340891575e+18,1.6198395964184465e+19
158.61295440246383,2.8760233765572456e+14,4.462154835096724e+15,3.0405476121189816e+16,1.3094425040182822e+17,4.2205125028690426e+17,1.1042202101647977e+18,2.4754352920756506e+18,4.939338893299047e+18,8.999354177103885e+18,1.5279721855624395e+19
160.39292796858274,2.691391667624896e+14,4.172231995612408e+15,2.842967272256096e+16,1.2251983858004757e+17,3.9495456570707795e+17,1.0358756461959274e+18,2.322706864121448e+18,4.647534413109571e+18,8.470594204396611e+18,1.4411023966721739e+19
162.19287661118892,2.5186304426129428e+14,3.9011658218373065e+15,2.6582254160970612e+16,1.1463575717075805e+17,3.6958600561749734e+17,9.716496438288867e+17,2.1792546514219758e+18,4.372044803718809e+18,7.972336246470915e+18,1.3588986606402499e+19
164.01302449298274,2.3569751716848516e+14,3.647740048941757e+15,2.485487354269161e+16,1.0725721821209208e+17,3.458501100320694e+17,9.112896593047493e+17,2.0446730133052099e+18,4.1119052024071014e+18,7.503308769404672e+18,1.2810704399025627e+19
165.85359829224464,2.2057196010311912e+14,3.4108214791570535e+15,2.3239823569602972e+16,1.0035213369628798e+17,3.236430518098553e+17,8.545654822626597e+17,1.9184668461260808e+18,3.866253093900179e+18,7.062122061742212e+18,1.2073830484232854e+19
167.71482723106652,2.0641810248227575e+14,3.189306796290355e+15,2.1729661155838868e+16,9.388931796023506e+16,3.0286427732970355e+17,8.012508205077138e+17,1.8001010685405135e+18,3.634243135435045e+18,6.647093988653655e+18,1.1376071425956557e+19
169.5969431038974,1.9317450065348203e+14,2.9822111671900185e+15,2.031768856274984e+16,8.784098521281496e+16,2.8342329849333488e+17,7.511395056604015e+17,1.689094007416848e+18,3.4151271997404616e+18,6.256687488284495e+18,1.0715480336938893e+19
171.50018030641192,1.807819188684276e+14,2.788595562121051e+15,1.8997454782860856e+16,8.217996590628162e+16,2.652329008126115e+17,7.040345966088818e+17,1.5849800930528417e+18,3.2081629679046984e+18,5.889324432334364e+18,1.009048199219405e+19
173.42477586470054,1.6918590248640525e+14,2.6075889705083455e+15,1.7763031894601952e+16,7.68817279729522e+16,2.4821292131891677e+17,6.597545474379916e+17,1.487330912868815e+18,3.0127514794689224e+18,5.543471070591377e+18,9.499741629362127e+18
175.37096946478925,1.583350007972521e+14,2.4383598632918015e+15,1.6608823003726792e+16,7.192268614807402e+16,2.3228763423326166e+17,6.181267209692207e+17,1.3957365704906222e+18,2.828398102000308e+18,5.217649327470121e+18,8.941990584644987e+18
177.3390034824894,1.4818122648003497e+14,2.280143959563284e+15,1.5529610979467528e+16,6.7281204678364104e+16,2.1738642324399712e+17,5.789905487321225e+17,1.309798879844396e+18,2.654669531917294e+18,4.910468276675979e+18,8.416037736528988e+18
179.3291230135822,1.3867973658026608e+14,2.1322305075862382e+15,1.452052346030842e+16,6.29366583139393e+16,2.0344331025976765e+17,5.422119553522479e+17,1.2291417185282706e+18,2.4911606481468467e+18,4.620637340055955e+18,7.920668430896881e+18
181.34157590434373,1.2978864677846583e+14,1.9939507452002552e+15,1.3577012246529036e+16,5.88701939042216e+16,1.903966802465384e+17,5.07668767049692e+17,1.1534118524088607e+18,2.337471454457897e+18,4.3469793521984983e+18,7.454586745382176e+18
183.37661278240995,1.2146852483986348e+14,1.8646681096598262e+15,1.269479838676361e+16,5.506367213233047e+16,1.781885352801112e+17,4.752476158128912e+17,1.0822774573777894e+18,2.1931953796857615e+18,4.088452583143077e+18,7.01617215741278e+18
185.4344870879909,1.1368288366211419e+14,1.743806876391969e+15,1.1869924438782162e+16,5.1500643352778424e+16,1.6676494776663814e+17,4.448459899949185e+17,1.0154332246285457e+18,2.057881247227308e+18,3.844205211957242e+18,6.603778710223553e+18
187.5154551054323,1.0639709894634328e+14,1.6308167996655045e+15,1.1098638000332024e+16,4.816534586369335e+16,1.560745797712253e+17,4.16362972526905e+17,9.525941677502084e+17,1.9309729927309972e+18,3.613427830335916e+18,6.215835950512371e+18
189.61977599513395,9.957916980304256e+13,1.5251866843931208e+15,1.0377472652512232e+16,4.504356265683183e+16,1.460699072869491e+17,3.8969922326916896e+17,8.935135790921161e+17,1.81194731685085e+18,3.3953679098340244e+18,5.850856701679541e+18
191.74771182582492,9.3198947482528e+13,1.4264350904949792e+15,9.703164941827448e+15,4.212202588854899e+16,1.3670626247290267e+17,3.647474492748347e+17,8.37961274590791e+17,1.7003103311930888e+18,3.1893599577864955e+18,5.507314664225267e+18
193.89952760719987,8.722823830359819e+13,1.3341163135503475e+15,9.072664978657696e+15,3.938825989102467e+16,1.2794170616692675e+17,3.413972744729615e+17,7.857242086114796e+17,1.5955994521636436e+18,2.9948872656984197e+18,5.18373757762685e+18
196.07549132292522,8.164076833961542e+13,1.2478126046208688e+15,8.483132223718519e+15,3.683078903909753e+16,1.1973738507982326e+17,3.195458517976805e+17,7.366023705846045e+17,1.4973829687675154e+18,2.811494369213367e+18,4.878731529549501e+18
198.27587396401128,7.641192353590252e+13,1.1671297529446692e+15,7.931907339090644e+15,3.4438652032336544e+16,1.1205685955727696e+17,2.9909684399066797e+17,6.904068318418435e+17,1.405255776508486e+18,2.638762199369571e+18,4.5909905366835456e+18
200.50094956256248,7.15186909079803e+13,1.091705180805987e+15,7.416505551402881e+15,3.220176156712971e+16,1.0486664283016872e+17,2.7996019116091526e+17,6.469601987570546e+17,1.3188337499735913e+18,2.476299571821066e+18,4.319314943725347e+18
202.75099522590435,6.6939352277709125e+13,1.0211952340185546e+15,6.934583696572365e+15,3.0110147227391652e+16,9.813495265863613e+16,2.620509109765989e+17,6.060968072748991e+17,1.2377374413016748e+18,2.323692027569289e+18,4.062611657028733e+18
205.0262911710934,6.265383353315923e+13,9.552820837707498e+14,6.483977075121059e+15,2.8154416065095576e+16,9.183248364006101e+16,2.4529046236470586e+17,5.676825318571897e+17,1.161611148150629e+18,2.1805076936678477e+18,3.819989593317167e+18
207.3271207598163,5.864319620216437e+13,8.936645446246414e+14,6.062645019039661e+15,2.6325713442084748e+16,8.593155973682506e+16,2.2960475566223126e+17,5.315936316779745e+17,1.0901169486706863e+18,2.0462079035708751e+18,3.5906680051917517e+18
209.65377053367774,5.488976682775161e+13,8.360635155584374e+14,5.668684381839122e+15,2.461578154399683e+16,8.040631833656741e+16,2.1492465694028538e+17,4.9771624468852525e+17,1.022939533634147e+18,1.9202372576863718e+18,3.373908207841453e+18
212.00653024988733,5.13771250749292e+13,7.822215111983484e+14,5.300332382483668e+15,2.301695254168351e+16,7.523277468897458e+16,2.0118594006417312e+17,4.6594416974005734e+17,9.597887288466747e+17,1.8020790618428667e+18,3.16912996759762e+18
214.38569291734407,4.808968287164203e+13,7.318909514423402e+14,4.955923347245607e+15,2.1521953663569412e+16,7.038818283740027e+16,1.883276399818795e+17,4.3617266108270605e+17,9.00394571835263e+17,1.6912417747907533e+18,2.975855143402681e+18
216.79155483312843,4.501303886241921e+13,6.848426173137701e+14,4.633911125762048e+15,2.012406934047159e+16,6.585154969976322e+16,1.7629343747561216e+17,4.083010416810448e+17,8.445254260879572e+17,1.5872707418024256e+18,2.793658193878014e+18
219.2244156194022,4.213362467855037e+13,6.4085998855821e+14,4.3328441490802705e+15,1.881697740498307e+16,6.160293608656571e+16,1.6503027519799955e+17,3.822153596316565e+17,7.919675228319419e+17,1.4897367996367826e+18,2.622135488093263e+18
221.68457826072245,3.9438788210000266e+13,5.997317892005365e+14,4.0513731136640725e+15,1.7594786470751612e+16,5.762392673987423e+16,1.5448853831784717e+17,3.578010019090613e+17,7.425207755840524e+17,1.3982391496388956e+18,2.4608921123540905e+18
224.1723491417759,3.691666288701546e+13,5.61267432496792e+14,3.7882232299221235e+15,1.6451974999255808e+16,5.3897174627330104e+16,1.446211141915222e+17,3.349504818918965e+17,6.959988851706048e+17,1.312401087950156e+18,2.3095052042643374e+18
226.68803808553412,3.4556181923292207e+13,5.25291528858281e+14,3.542211037556408e+15,1.5383396992950454e+16,5.040691121202408e+16,1.353839797659081e+17,3.135635662848668e+17,6.522257879255325e+17,1.231857536839776e+18,2.167490177786973e+18
229.23195839183987,3.234692493774489e+13,4.916297409108656e+14,3.3122136109940015e+15,1.4384210913930474e+16,4.713876049180103e+16,1.2673566907898638e+17,2.9354588442908e+17,6.110482820791514e+17,1.1562519957223747e+18,2.0342686033813532e+18
231.8044268764244,3.0279245248317855e+13,4.6012963505758e+14,3.0971927534575525e+15,1.3449937225466884e+16,4.407950678519854e+16,1.1863765781009749e+17,2.7481007939365104e+17,5.7233642790420243e+17,1.0852501476624919e+18,1.9092957573426184e+18
234.40576391036174,2.8344004143501574e+13,4.3065141339300025e+14,2.8961771619873675e+15,1.2576336069576642e+16,4.1216489664056744e+16,1.110535726928889e+17,2.5727340036550688e+17,5.3597107561052845e+17,1.0185338497672508e+18,1.7920545239561674e+18
237.03629345997004,2.6532701307275652e+13,4.030650579027923e+14,2.708249705010964e+15,1.1759466325237584e+16,3.853810025251032e+16,1.0394983727565014e+17,2.4085888247203363e+17,5.0184170291831597e+17,9.558088852100429e+17,1.6820632062912202e+18
239.69634312715513,2.4837437670472832e+13,3.7724975962746275e+14,2.5325629897081765e+15,1.0995667912012702e+16,3.603329700280294e+16,9.729578397336166e+16,2.254950093723203e+17,4.6984267531674234e+17,8.968063570403528e+17,1.578873550161264e+18
242.38624419021133,2.3250712799488246e+13,3.530908241984865e+14,2.3683238694809415e+15,1.0281468755034452e+16,3.3691254948660708e+16,9.106235550264958e+16,2.1111387763031254e+17,4.39868855495968e+17,8.412814848866077e+17,1.4820589636192625e+18
245.10633164507763,2.1765572100857883e+13,3.304819149614382e+14,2.2147796546614502e+15,9.613651440704212e+15,3.1501409169747532e+16,8.522281283832622e+16,1.9765252894444784e+17,4.11811375546231e+17,7.890249729683031e+17,1.3912233430795023e+18
247.85694424705687,2.0375518919502508e+13,3.093237088802073e+14,2.07123991660472e+15,8.989212559751411e+15,2.945389792432224e+16,7.975217212433355e+16,1.8505215352363034e+17,3.855491114582838e+17,7.398418294538045e+17,1.3059960495249262e+18
250.63842455300545,1.907443242156682e+13,2.8952264159554175e+14,1.9370541198687895e+15,8.405324859446861e+15,2.753943837471675e+16,7.462664090186432e+16,1.7325734588552106e+17,3.609664871744576e+17,6.935474036748037e+17,1.2260225385674772e+18
253.4511189639928,1.785662464020921e+13,2.709917749574518e+14,1.8116074595378835e+15,7.859362746859276e+15,2.5749410165139156e+16,6.982425909351501e+16,1.6221662101279024e+17,3.379561081417313e+17,6.499771283542332e+17,1.15095445129495e+18
256.29537776844364,1.6716737897333318e+13,2.5364923054134475e+14,1.6943392378270772e+15,7.348855222521658e+15,2.4075700922932908e+16,6.532436101512986e+16,1.5188148499635152e+17,3.164168229039991e+17,6.089924142572353e+17,1.0804570353044259e+18
259.1715551857604,1.5649793576300707e+13,2.374189310918868e+14,1.5847138052140398e+15,6.871507629902143e+15,2.2510777527325724e+16,6.1107746369992024e+16,1.4220655855308003e+17,2.962546426501615e+17,5.704687938237252e+17,1.0142160187202353e+18
262.0800094104386,1.4651099671861004e+13,2.222291891542813e+14,1.4822320237404035e+15,6.425159320153492e+15,2.10475471569651e+16,5.715634384047734e+16,1.3314839267292296e+17,2.7738099442016835e+17,5.342901447092638e+17,9.519355620450268e+17
265.02110265667557,1.3716287633023453e+13,2.0801326678788044e+14,1.3864359608786962e+15,6.007800009364581e+15,1.9679410877444316e+16,5.345419809713135e+16,1.246663350947739e+17,2.5971341576054458e+17,5.003486461140126e+17,8.93343679106375e+17
267.9952012034788,1.2841260173578818e+13,1.947085783375535e+14,1.2968818443869935e+15,5.61754578728649e+15,1.8400184879891252e+16,4.998654785163875e+16,1.1672216170303621e+17,2.4317456842385053e+17,4.6853684512654586e+17,8.381914164474899e+17
271.0026754402836,1.202219311895224e+13,1.8225671688698897e+14,1.2131717981276842e+15,5.252639634309193e+15,1.7204102115874248e+16,4.673966282326186e+16,1.0928023455730557e+17,2.2769227252653363e+17,4.387467171092677e+17,7.862648610668214e+17
274.04389991307914,1.125550034558837e+13,1.7060291849380747e+14,1.1349196703311278e+15,4.911435267926653e+15,1.6085759260079294e+16,4.370085557352373e+16,1.0230727021739013e+17,2.131988438983653e+17,4.108571953844985e+17,7.373733868803954e+17
277.1192533710552,1.0537814324278932e+13,1.5969576441421172e+14,1.0617714090266205e+15,4.592388092475245e+15,1.5040086979152908e+16,4.085804858401309e+16,9.577227158748784e+16,1.9963072614564272e+17,3.847462306052873e+17,6.913362904228105e+17
280.2291188137698,9.86600435425701e+12,1.4948745738152153e+14,9.933981209034184e+14,4.2940631514570715e+15,1.406237596126641e+16,3.8199760093812184e+16,8.964735788953664e+16,1.869288346053027e+17,3.603003564647978e+17,6.480018172081324e+17
283.37388353884774,9.23712483205656e+12,1.399330324436751e+14,9.294838525348689e+14,4.015118733691377e+15,1.314819954564687e+16,3.5714346770883668e+16,8.390634079172091e+16,1.750375790912291e+17,3.374128120400874e+17,6.07239134930117e+17
286.553939190215,8.648437554450468e+12,1.3099069531912148e+14,8.697450876865734e+14,3.7543106329805415e+15,1.2293445838010104e+16,3.339061224168337e+16,7.852500772244402e+16,1.639052848685609e+17,3.159843522290053e+17,5.689290063649601e+17
289.7696818068714,8.097357023177298e+12,1.2262098854424094e+14,8.139006904621779e+14,3.510462670305058e+15,1.1494236257136346e+16,3.1217996025044064e+16,7.348040650492514e+16,1.5348315945396403e+17,2.9592126213481683e+17,5.329585318987456e+17
293.0215118722151,7.58148669193998e+12,1.1478734214723589e+14,7.616896830166345e+14,3.2824907486241485e+15,1.0746978236647908e+16,2.918671679314122e+16,6.8751265432605624e+16,1.4372597711213622e+17,2.771366742307289e+17,4.992207058148273e+17
296.3098343639157,7.098562124640223e+12,1.074552074696502e+14,7.12868862063549e+14,3.069364004535524e+15,1.0048280839859776e+16,2.728754271287365e+16,6.431745028140354e+16,1.3459060629762416e+17,2.5954850449937e+17,4.6760620744313594e+17
299.6350588043515,6.646477606358054e+12,1.0059246121019462e+14,6.672040731516572e+14,2.870129890967654e+15,9.394993290637462e+15,2.551189616365632e+16,6.016048908065112e+16,1.26036053956483e+17,2.430804198659256e+17,4.379999819473759e+17
302.99759931161003,6.223260741928528e+12,9.416901794592822e+13,6.244851385361189e+14,2.6838857634927155e+15,8.784166995657052e+15,2.3851750339843096e+16,5.626415298663039e+16,1.1802367101214187e+17,2.2766091631138525e+17,4.1027549439401786e+17
306.3978746510607,5.827062704160303e+12,8.815668094844006e+13,5.845085169273678e+14,2.509784486096226e+15,8.213040679193442e+15,2.22995887368839e+16,5.261339969856084e+16,1.1051709654749552e+17,2.132229653449843e+17,3.8431263798905254e+17
309.8363082875092,5.456153545502827e+12,8.252907007836111e+13,5.47095918942276e+14,2.347036375063168e+15,7.679032980481866e+15,2.084838494026864e+16,4.919430954635438e+16,1.0348232570399238e+17,1.9970384448445725e+17,3.5999901256678246e+17
313.31332843793285,5.1089189577499795e+12,7.726157171587227e+13,5.120829686120073e+14,2.1949038062508492e+15,7.179737179620307e+15,1.949158820557079e+16,4.5993891261603144e+16,9.688780897108237e+16,1.870450204553148e+17,3.3722971697628346e+17
316.82936812481194,4.783840175972195e+12,7.233103248015523e+13,4.793150633012352e+14,2.0526934308531308e+15,6.712891331856797e+15,1.822304217204339e+16,4.2999761290206264e+16,9.070424623848491e+16,1.7519141952143312e+17,3.159060407784679e+17
320.38486523005696,4.479504114013615e+12,6.771591265428335e+13,4.4864839145535156e+14,1.919763161941625e+15,6.276392626962703e+15,1.7037023846028666e+16,4.0200126034071864e+16,8.490550684982784e+16,1.6409179690628045e+17,2.959361294296716e+17
323.9802625495408,4.1945810581463755e+12,6.339594645410137e+13,4.1994766608704525e+14,1.7955045248329748e+15,5.868264396975269e+15,1.592815382754773e+16,3.758266820668017e+16,7.946720105970104e+16,1.5369792657938093e+17,2.772335309389058e+17
327.61600784824566,3.927829935996003e+12,5.935222153936869e+13,3.9308665068089606e+14,1.6793575254670788e+15,5.486663414126072e+15,1.4891416099484584e+16,3.5135538677522644e+16,7.436653649843048e+16,1.4396479372745141e+17,2.597175431227661e+17
331.29255391602493,3.6780912279529414e+12,5.556707069494521e+13,3.6794743433663894e+14,1.5707902153308852e+15,5.129869165131354e+15,1.3922128809674766e+16,3.2847677990720844e+16,6.95823371434059e+16,1.3485030093799562e+17,2.433127538224004e+17
335.0103586239952,3.4442745724960283e+12,5.202388299397454e+13,3.4441917155454325e+14,1.469311164321257e+15,4.796265476488479e+15,1.3015894266573244e+16,3.070869823365431e+16,6.509457256151991e+16,1.2631386381529062e+17,2.2794823367157926e+17
338.76988498155646,3.2253651158674517e+12,4.87071997605773e+13,3.223987178534115e+14,1.3744566327864915e+15,4.4843494032725585e+15,1.2168623058264512e+16,2.870893992471974e+16,6.088560995649275e+16,1.18317014065531e+17,2.1355795419135843e+17
342.5716011940558,3.0204079064549873e+12,4.560247705779882e+13,3.017890462325036e+14,1.2857984514224515e+15,4.1927082591564945e+15,1.137647156528097e+16,2.68393244219336e+16,5.693953014721904e+16,1.1082330230190306e+17,2.0007977007102685e+17
346.41598072109764,2.8285113046169893e+12,4.269613704982297e+13,2.8249958631464506e+14,1.2029295381035605e+15,3.920024273985009e+15,1.0635854582662432e+16,2.509138367390119e+16,5.324183947333248e+16,1.0379861864828424e+17,1.8745564480890752e+17
350.30350233550547,2.6488426987395117e+12,3.997550251057091e+13,2.6444578590460828e+14,1.1254772514569248e+15,3.665068090620318e+15,9.943427602986806e+15,2.345721834098859e+16,4.977905985435043e+16,9.721134807692237e+16,1.7563137321796298e+17
354.2346501829501,2.480620938759981e+12,3.742868155902367e+13,2.4754834184685753e+14,1.0530866949040645e+15,3.426694710932546e+15,9.296056314337358e+15,2.192942573948911e+16,4.6538336900698296e+16,9.1032230800567e+16,1.645560886750932e+17
358.20991384224163,2.3231128997674854e+12,3.5044515152738812e+13,2.3173284868664916e+14,9.854260011957979e+14,3.203833500946532e+15,8.690802443436642e+15,2.050106638092623e+16,4.350729596441929e+16,8.523465175701734e+16,1.5418204032424547e+17
362.22978838630326,2.175636433241746e+12,3.2812621517038777e+13,2.1693009188043906e+14,9.22180775283746e+14,2.995491776503591e+15,8.124934627547247e+15,1.9165689598484452e+16,4.067352668322987e+16,7.979491759902093e+16,1.444647888339649e+17
366.29477444382576,2.037549233861604e+12,3.0723226878105133e+13,2.0307492035068212e+14,8.630506754327685e+14,2.800733174291845e+15,7.595884177474804e+15,1.7917229080987148e+16,3.802419842980009e+16,7.469070982267691e+16,1.3536247918385629e+17
370.40537826161403,1.9082537083791765e+12,2.876723902496958e+13,1.901067336054284e+14,8.077595706022811e+14,2.6186912720383965e+15,7.101263524649353e+15,1.6750046386944212e+16,3.554734562064086e+16,6.99012404371285e+16,1.2683574399054674e+17
374.5621117676366,1.7871874493156233e+12,2.6936102510245586e+13,1.779685174934083e+14,7.560433828348876e+14,2.4485461262341485e+15,6.638828440319827e+15,1.565884172873656e+16,3.3231721425756404e+16,6.540754551327843e+16,1.1884638383861453e+17
378.76549263477756,1.6738255825768179e+12,2.52218339911875e+13,1.6660707743348022e+14,7.076616878168705e+14,2.289533459255578e+15,6.206486680796059e+15,1.4638674352194232e+16,3.106684099925091e+16,6.119290332461737e+16,1.1135842239767933e+17
383.01604434530947,1.5676770702797864e+12,2.3616965895768637e+13,1.5597266243364225e+14,6.623857673519606e+14,2.1409268086184022e+15,5.802283058520265e+15,1.3684927269669434e+16,2.9042906626892504e+16,5.724188204970104e+16,1.0433809092742005e+17
387.3142962560843,1.4682808375602627e+12,2.211448746622158e+13,1.4601857196853653e+14,6.200122741144789e+14,2.0020480433518822e+15,5.424383917075353e+15,1.2793270590676098e+16,2.715072989967775e+16,5.3540049399121736e+16,9.775378357720416e+16
391.6607836644609,1.3752060892886917e+12,2.070784933462214e+13,1.3670118498092522e+14,5.803547752202582e+14,1.8722640129795585e+15,5.071077923665886e+15,1.1959663369694852e+16,2.5381735623814772e+16,5.007389255236193e+16,9.15762499900178e+16
396.05604787496935,1.288050539493922e+12,1.939093645988677e+13,1.2797977873873292e+14,5.432392430380294e+14,1.7509838308078692e+15,4.740768754407117e+15,1.1180336318793608e+16,2.3727925126318212e+16,4.683034688833701e+16,8.577863489673098e+16
400.5006362667232,1.2064366414566094e+12,1.8158010799458195e+13,1.1981614691549105e+14,5.085024225556085e+14,1.6376548709920018e+15,4.431960092145593e+15,1.0451756379046498e+16,2.218180106571235e+16,4.379661970485041e+16,8.033699408184469e+16
404.9951023615903,1.1300103429112383e+12,1.7003692269833303e+13,1.1217447207185392e+14,4.759912840674005e+14,1.5317585132672365e+15,4.1432504585146275e+15,9.770614505579016e+15,2.0736341503920176e+16,4.095945828949189e+16,7.522930317677637e+16
409.54000589312676,1.0584410063733179e+12,1.5922957356799744e+13,1.0502131530336306e+14,4.4556297538122375e+14,1.4328105103628372e+15,3.873332550090737e+15,9.133824083290628e+15,1.9384996537691244e+16,3.83061237593684e+16,7.043501796960277e+16
414.13591287628657,9.914197167913435e+11,1.4911113305118158e+13,9.832544382997514e+13,4.170840833033596e+14,1.3403585969517942e+15,3.620986356583875e+15,8.538504668397787e+15,1.81216537918693e+16,3.58247255895717e+16,6.593599012561663e+16
418.7833956779112,9.286565518658846e+11,1.396375662639554e+13,9.205755468636361e+13,3.904294528292473e+14,1.2539822361207732e+15,3.3850683329855435e+15,7.981956419706513e+15,1.6940584156674144e+16,3.3504116126397124e+16,6.171581283504343e+16
423.48303308801013,8.698797061386868e+11,1.30767596955081e+13,8.619018491320844e+13,3.654818015642123e+14,1.173284248967359e+15,3.1645116027929765e+15,7.461651472995457e+15,1.5836423479514726e+16,3.13338553194326e+16,5.7759182039531096e+16
428.23541039184533,8.148354140505598e+11,1.224626944032861e+13,8.06977019668796e+13,3.421316759525168e+14,1.0978947919802908e+15,2.9583334359513815e+15,6.975232559374087e+15,1.4804169629343258e+16,2.9304205524133824e+16,5.405177183292233e+16
433.04111944281846,7.632861706349745e+11,1.146868027501002e+13,7.555612334594811e+13,3.202766800394638e+14,1.0274596572018698e+15,2.7656174056540435e+15,6.520496239915542e+15,1.3839146916827172e+16,2.7406062413680196e+16,5.057996087820846e+16
437.9007587361824,7.150091094365248e+11,1.0740609433467906e+13,7.074295226627052e+13,2.998207730295403e+14,9.616368979868481e+14,2.585504587110125e+15,6.09537766373516e+15,1.2936973747644404e+16,2.5630892135436652e+16,4.733047813220135e+16
442.814933483574,6.697961755764425e+11,1.0058899467083477e+13,6.623719347654889e+13,2.806743342409545e+14,9.001054491118712e+14,2.4171965781460275e+15,5.697951562820176e+15,1.209356473133421e+16,2.3970735897208236e+16,4.429004586764154e+16
447.78425568838855,6.274521463016703e+11,9.420588192372047e+12,6.201915335228779e+13,2.6275330952582216e+14,8.425682602355855e+14,2.25994308164888e+15,5.326413879929934e+15,1.1305091692990546e+16,2.2418134045820744e+16,4.144522384107816e+16
452.8093442219969,5.877944783077273e+11,8.822906277433023e+12,5.8070423252338086e+13,2.4597913830866744e+14,7.887445470107596e+14,2.113037688465793e+15,4.979079900805655e+15,1.05679797082083e+16,2.096611870116782e+16,3.878341331109545e+16
457.8908249008172,5.506521246644448e+11,8.263259254263902e+12,5.4373759706572234e+13,2.3027824148665144e+14,7.383763875780692e+14,1.9758061742115225e+15,4.6543731514045e+15,9.878883541160106e+15,1.9608167971132388e+16,3.629281788201239e+16
463.02933056425616,5.158652734780726e+11,7.739223472367251e+12,5.0913057014915805e+13,2.1558190287203688e+14,6.912321388160068e+14,1.8476201546978175e+15,4.3508226008600195e+15,9.234681708223252e+15,1.833819468618373e+16,3.396242386340457e+16
468.22550115351817,4.83283839648661e+11,7.248523217216208e+12,4.767319514450364e+13,2.0182562006185438e+14,6.471047162964505e+14,1.7278857773495795e+15,4.06704874196772e+15,8.632446939121671e+15,1.71504888171829e+16,3.17818961379933e+16
473.479983791306,4.527675975581435e+11,6.789032632019563e+12,4.4640051943095195e+13,1.8894915475639303e+14,6.058007300982056e+14,1.6160481418412848e+15,3.8017643856510985e+15,8.069447862325382e+15,1.6039721104443038e+16,2.9741585543938332e+16
478.79343286241067,4.2418538114985126e+11,6.358763550924729e+12,4.180042206987242e+13,1.7689618616516647e+14,5.671393715364979e+14,1.5115949899181972e+15,3.5537671316364805e+15,7.543133026974892e+15,1.500091202869097e+16,2.7832473043203308e+16
484.1665100952069,3.974140499285765e+11,5.955849809187099e+12,3.914191267957026e+13,1.6561386575687912e+14,5.3095098347268306e+14,1.4140429992835105e+15,3.3219298108989675e+15,7.051110620754738e+15,1.4029392286173072e+16,2.604609827403021e+16
489.59988464406484,3.723386672241065e+11,5.578549863828887e+12,3.6652960328588195e+13,1.55052887757701e+14,4.9707728563136694e+14,1.3229411422658578e+15,3.1052017361153605e+15,6.591151123460435e+15,1.3120808278575538e+16,2.4374570234737196e+16
495.0942331726847,3.488513129905338e+11,5.225228803554532e+12,3.432271151570054e+13,1.4516697974744884e+14,4.653697392261991e+14,1.237865882536538e+15,2.902605603383815e+15,6.161164264418531e+15,1.2271077116740428e+16,2.2810485726437856e+16
500.65023993836877,3.2685109707193634e+11,4.894358487076063e+12,3.2141023215281004e+13,1.3591290369649012e+14,4.356895495151253e+14,1.1584215710844235e+15,2.713242804081924e+15,5.759198653282847e+15,1.1476386139945928e+16,2.1346929053019028e+16
506.26859687723646,3.0624364573794885e+11,4.584509733249157e+12,3.00984108383382e+13,1.2725023348388084e+14,4.079069511996317e+14,1.0842199404976288e+15,2.5362779560110985e+15,5.383431522392412e+15,1.073317299779554e+16,1.9977436186127572e+16
511.950003690396,2.8694039248441016e+11,4.294341566230556e+12,2.818597676773774e+13,1.191410499947766e+14,3.819002294804517e+14,1.014892990071884e+15,2.3709303976726535e+15,5.032154880696768e+15,1.003809864391774e+16,1.86959458902649e+16
517.695167931087,2.6885856389080475e+11,4.022600949494535e+12,2.6395408274505438e+13,1.1154993121754438e+14,3.5755568764237775e+14,9.500966754258135e+14,2.2164706339523798e+15,4.703774722995307e+15,9.388045990752316e+15,1.7496797757314584e+16
523.5048050927944,2.5192058646859848e+11,3.768113790164691e+12,2.4718917738445926e+13,1.0444369718425002e+14,3.3476682813862794e+14,8.89505178967883e+14,2.0722124298335562e+15,4.39679944288528e+15,8.780097312372348e+15,1.6374691318029918e+16
529.3796386983585,2.360539124426157e+11,3.5297822649887554e+12,2.3149224682916254e+13,9.779133269338002e+13,3.134341041004124e+14,8.328180294687709e+14,1.9375096409235485e+15,4.1098361111116495e+15,8.211527108870416e+15,1.532467342158655e+16
535.3204003900778,2.2119048567465207e+11,3.306576725678545e+12,2.1679502014068668e+13,9.156375802967069e+13,2.934641832534757e+14,7.797592015113686e+14,1.811736825399074e+15,3.8415800931899365e+15,7.679781839299096e+15,1.4342101517455072e+16
541.3278300208297,2.0726668363660965e+11,3.097534782539643e+12,2.0303369708505355e+13,8.573380131907611e+13,2.7476985873395756e+14,7.300894563745569e+14,1.6943099041186418e+15,3.5908135530896065e+15,7.182477143337086e+15,1.3422638960539898e+16
547.402675746209,1.942228684458872e+11,2.901754500022174e+12,1.9014849622848434e+13,8.027600580432381e+13,2.572694303695032e+14,6.83591728615185e+14,1.5846796951299338e+15,3.3563967274985885e+15,6.71738080760289e+15,1.2562224149754132e+16
553.5456941177008,1.820032652347609e+11,2.7183925270485957e+12,1.780835291564434e+13,7.516657568804314e+13,2.4088653051256622e+14,6.40063120900168e+14,1.482335293938333e+15,3.1372652998551895e+15,6.282407741216939e+15,1.1757061666459366e+16
559.7576501769038,1.705555706931674e+11,2.546658166484803e+12,1.6678640675356943e+13,7.038320826872912e+13,2.255495851622368e+14,5.993134722059589e+14,1.3867981652987882e+15,2.932422815712575e+15,5.875605160769061e+15,1.1003595411560472e+16
566.0393175508025,1.5983088537548843e+11,2.38581232255532e+12,1.5620816766516543e+13,6.590506290958935e+13,2.11191714039461e+14,5.611650922688574e+14,1.2976221716291652e+15,2.740948514533388e+15,5.495149606561304e+15,1.0298503445438748e+16
572.3914785481186,1.4978335987992386e+11,2.235162143195295e+12,1.4630292277625252e+13,6.171260951460708e+13,1.9775024419693853e+14,5.2545146925596925e+14,1.214383362476726e+15,2.561998258775453e+15,5.139333594581221e+15,9.638673760107538e+15
578.8149242567343,1.4037008073829202e+11,2.094059273466097e+12,1.3702773816342982e+13,5.778757827464532e+13,1.851665484941306e+14,4.920168405702794e+14,1.1366639066383545e+15,2.394788262283191e+15,4.806561019600168e+15,9.02119610979408e+15
585.3104546422148,1.3155086762866498e+11,1.9618967761794546e+12,1.2834243022066137e+13,5.411287217900107e+13,1.7338576466330316e+14,4.607154464080474e+14,1.0640699815066565e+15,2.2385885806671898e+15,4.495339369332289e+15,8.443347960193183e+15
591.878878647436,1.232880938594843e+11,1.838106405135332e+12,1.2020938419640205e+13,5.067248950888923e+13,1.623565464224366e+14,4.314108684673796e+14,9.962301267348425e+14,2.0927161497212762e+15,4.2042728197311e+15,7.902582035475828e+15
598.5210142933255,1.1554650300212656e+11,1.7221558227611785e+12,1.1259336921034402e+13,4.745144488463762e+13,1.520308099752026e+14,4.039753564043648e+14,9.327973990723234e+14,1.9565278615868128e+15,3.9320552280154005e+15,7.396513653871682e+15
605.237688780742,1.0829312857228047e+11,1.6135473687664297e+12,1.054614556134536e+13,4.443573374718088e+13,1.4236361983186562e+14,3.782895244570481e+14,8.734508163008311e+14,1.8294151237605625e+15,3.6774668663026055e+15,6.92291494116196e+15
612.0297385934892,1.0149704220644263e+11,1.5118142527377844e+12,9.878276269402059e+12,4.161222494384488e+13,1.3331284407929206e+14,3.542414355207063e+14,8.17896559199837e+14,1.7107842705555208e+15,3.4393650122297465e+15,6.479697698161836e+15
618.8980096024937,9.512930488223286e+10,1.4165198004581543e+12,9.25284077414965e+12,3.896863872441926e+13,1.2483908358506428e+14,3.3172641304327525e+14,7.658855069124606e+14,1.6000772901267388e+15,3.216681874254129e+15,6.064909776211687e+15
625.843357171147,8.916283152467648e+10,1.3272553996165764e+12,8.667136947525551e+12,3.6493488453739016e+13,1.1690548485466903e+14,3.1064654380176175e+14,7.171912704757229e+14,1.4967731972530408e+15,3.0084194198216515e+15,5.676725729229641e+15
632.8666462618289,8.357221355489474e+10,1.2436378160574238e+12,8.118631015934342e+12,3.4176004861218688e+13,1.0947749691457294e+14,2.909100319599912e+14,6.716016108003385e+14,1.4003819198739482e+15,2.8136438265530425e+15,5.313434726203107e+15
639.9687515436336,7.8333693581173e+10,1.1653087961902454e+12,7.604954833816659e+12,3.2006124139914914e+13,1.0252283295633412e+14,2.7243109716312012e+14,6.289182020190016e+14,1.3104481021167618e+15,2.6315045041375985e+15,4.973438547514237e+15
647.1505575012939,7.3425013062344e+10,1.0919327631579628e+12,7.123890613638982e+12,2.997442292206584e+13,9.601126164601858e+13,2.551294200687444e+14,5.88955349070439e+14,1.2265241334299272e+15,2.4612190747197885e+15,4.655241209701676e+15
654.4129585453383,6.88253168142613e+10,1.0231953680612578e+12,6.673361295393117e+12,2.8072077180623477e+13,8.991447517297572e+13,2.3892979176649562e+14,5.515391765641952e+14,1.1481780079420068e+15,2.302060518438897e+15,4.3574423758808645e+15
661.7568591234752,6.4515067699149124e+10,9.588021953122946e+11,6.251421937853917e+12,2.6290825482116863e+13,8.420597126586352e+13,2.237618003117187e+14,5.1650690349070806e+14,1.0749987442772636e+15,2.1533506274281965e+15,4.0787314608287275e+15
669.1831738332356,6.047599979957213e+10,8.984780459225834e+11,5.856254915918392e+12,2.4622948369009457e+13,7.886098693142223e+13,2.095596546827778e+14,4.837064355196717e+14,1.0066034025150704e+15,2.0144543375396158e+15,3.8178842817935075e+15
676.692827535873,5.669096459973017e+10,8.419646176376793e+11,5.486154583559674e+12,2.3061203175124637e+13,7.38562893197605e+13,1.9626162913154928e+14,4.5299508027193806e+14,9.426363823512879e+14,1.8847701464931028e+15,3.57375270282271e+15
684.2867554715431,5.314392409043358e+10,7.890203893009292e+11,5.139526437657438e+12,2.159882024270003e+13,6.917016346318224e+13,1.8381003061682016e+14,4.242394712825027e+14,8.827698691923745e+14,1.7637181919510385e+15,3.34526395185535e+15
691.9659033757807,4.9819852401307144e+10,7.394191345208608e+11,4.814877274537029e+12,2.0229461031931832e+13,6.478227784824901e+13,1.7215084164842047e+14,3.9731474204066806e+14,8.26717301219074e+14,1.650733977581304e+15,3.131413946358761e+15
699.7312275972766,4.670467331895452e+10,6.92948974379033e+11,4.510808896885352e+12,1.894719127728571e+13,6.067359823988336e+13,1.6123349133273606e+14,3.721039963111079e+14,7.742344663948512e+14,1.5452893964923082e+15,2.9312629941988495e+15
707.583695216981,4.378520826538125e+10,6.494115876240977e+11,4.226012859984896e+12,1.7746458555755465e+13,5.68263156576898e+13,1.5101066402082112e+14,3.484978653794385e+14,7.250934943243342e+14,1.4468911476822408e+15,2.7439433318202745e+15
715.524284168544,4.104910784878242e+10,6.086211756832152e+11,3.959263612981503e+12,1.6622063084106486e+13,5.3223752656592336e+13,1.414380503117603e+14,3.263939321815263e+14,6.790810035028862e+14,1.355061084260443e+15,2.568670072823398e+15
723.5539833601018,3.848480535532496e+10,5.704037570305093e+11,3.709413808016421e+12,1.556913770005776e+13,4.985029905547773e+13,1.3247417629693344e+14,3.0569633623651556e+14,6.359972775183522e+14,1.269328203233264e+15,2.4047179853488735e+15
731.6737927974388,3.6081465278958534e+10,5.3459638802773224e+11,3.4753891312067505e+12,1.4583125835926287e+13,4.669134124003369e+13,1.2408021573289481e+14,2.8631533919333844e+14,5.956553593215885e+14,1.1892446405944672e+15,2.2514125541409118e+15
739.8847237085213,3.382894661161131e+10,5.0104660520480536e+11,3.2561845904821826e+12,1.3659765661982006e+13,4.373321124724484e+13,1.1621985477220952e+14,2.681670118244265e+14,5.578803984650568e+14,1.1143875813036421e+15,2.108122907297842e+15
748.1877986694388,3.1717739099465836e+10,4.6961146386106775e+11,3.050858159481974e+12,1.2795063071674994e+13,4.09631000933603e+13,1.0885906168789234e+14,2.5117270160641012e+14,5.2250854153963194e+14,1.0443600647403814e+15,1.974252290048101e+15
756.5840517317524,2.973893877924672e+10,4.401571648840295e+11,2.858528284407768e+12,1.1985281002734617e+13,3.836902346926726e+13,1.0196599573883303e+14,2.3525882174991138e+14,4.893864920425954e+14,9.78800249744266e+14,1.8492314979608775e+15
765.0745285512716,2.7884205169486927e+10,4.125584076893798e+11,2.678369597450988e+12,1.1226921190639914e+13,3.593976318549229e+13,9.5510851601499e+13,2.2035649142543972e+14,4.5837076045424094e+14,9.173825059297514e+14,1.732494517021834e+15
773.6602865182829,2.6145724980497486e+10,3.8669784121556616e+11,2.509609276822884e+12,1.0516708665325895e+13,3.366481741584881e+13,8.946572717803628e+13,2.064012300230163e+14,4.293270268925243e+14,8.598356253508566e+14,1.6235010588682562e+15
782.3423948892308,2.4516178825214825e+10,3.624655602834733e+11,2.351523707496293e+12,9.851577528212182e+12,3.1534355049938277e+13,8.380450232145631e+13,1.9333267665990447e+14,4.0212955639833425e+14,8.059146849839088e+14,1.5217434951771475e+15
791.1219349198865,2.2988709976382088e+10,3.397586330444529e+11,2.2034353486935195e+12,9.22865761202001e+12,2.953917288030877e+13,7.850272509265902e+13,1.8109432711677347e+14,3.766606505673804e+14,7.553903127671358e+14,1.4267151353224062e+15
799.9999999999999,2.155689506519569e+10,3.1848065787182666e+11,2.0647097971374673e+12,8.645261975930392e+12,2.767065547156169e+13,7.353750514209311e+13,1.6963328725729094e+14,3.528101335521495e+14,7.080476987146956e+14,1.3379219620104128e+15
