"vmin","0.1–0.2 eV","0.2–0.3 eV","0.3–0.4 eV","0.4–0.5 eV","0.5–0.6 eV","0.6–0.7 eV","0.7–0.8 eV","0.8–0.9 eV","0.9–1. eV","1.–1.1 eV"
1,0,0,0,0,0,0,0,0,0,0
1.012770170667932,0,0,0,0,0,0,0,0,0,0
1.0257034185947522,0,0,0,0,0,0,0,0,0,0
1.0388018263048886,0,0,0,0,0,0,0,0,0,0
1.0520675029169615,0,0,0,0,0,0,0,0,0,0
1.065502584483396,0,0,0,0,0,0,0,0,0,0
1.0791092343343718,0,0,0,0,0,0,0,0,0,0
1.0928896434261632,0,0,0,0,0,0,0,0,0,0
1.1068460306939307,0,0,0,0,0,0,0,0,0,0
1.1209806434090153,0,0,0,0,0,0,0,0,0,0
1.1352957575407967,0,0,0,0,0,0,0,0,0,0
1.149793678123172,0,0,0,0,0,0,0,0,0,0
1.164476739625714,0,0,0,0,0,0,0,0,0,0
1.1793473063295716,0,0,0,0,0,0,0,0,0,0
1.1944077727081661,0,0,0,0,0,0,0,0,0,0
1.209660563812754,0,0,0,0,0,0,0,0,0,0
1.2251081356629099,0,0,0,0,0,0,0,0,0,0
1.2407529756419973,0,0,0,0,0,0,0,0,0,0
1.25659760289769,0,0,0,0,0,0,0,0,0,0
1.2726445687476078,0,0,0,0,0,0,0,0,0,0
1.2888964570901316,0,0,0,0,0,0,0,0,0,0
1.3053558848204654,0,0,0,0,0,0,0,0,0,0
1.3220255022520122,0,0,0,0,0,0,0,0,0,0
1.338907993543129,0,0,0,0,0,0,0,0,0,0
1.3560060771293332,0,0,0,0,0,0,0,0,0,0
1.373322506161028,0,0,0,0,0,0,0,0,0,0
1.3908600689468162,0,0,0,0,0,0,0,0,0,0
1.408621589402479,0,0,0,0,0,0,0,0,0,0
1.4266099275056823,0,0,0,0,0,0,0,0,0,0
1.444827979756496,0,0,0,0,0,0,0,0,0,0
1.46327867964379,0,0,0,0,0,0,0,0,0,0
1.4819649981175873,0,0,0,0,0,0,0,0,0,0
1.5008899440674506,0,0,0,0,0,0,0,0,0,0
1.5200565648069748,0,0,0,0,0,0,0,0,0,0
1.5394679465644705,0,0,0,0,0,0,0,0,0,0
1.5591272149799096,0,0,0,0,0,0,0,0,0,0
1.5790375356082207,0,0,0,0,0,0,0,0,0,0
1.5992021144290085,0,0,0,0,0,0,0,0,0,0
1.6196241983627846,0,0,0,0,0,0,0,0,0,0
1.64030707579379,0,0,0,0,0,0,0,0,0,0
1.6612540770994932,0,0,0,0,0,0,0,0,0,0
1.682468575186852,0,0,0,0,0,0,0,0,0,0
1.7039539860354203,0,0,0,0,0,0,0,0,0,0
1.7257137692473958,0,0,0,0,0,0,0,0,0,0
1.7477514286046854,0,0,0,0,0,0,0,0,0,0
1.7700705126330891,0,0,0,0,0,0,0,0,0,0
1.7926746151736876,0,0,0,0,0,0,0,0,0,0
1.8155673759615252,0,0,0,0,0,0,0,0,0,0
1.8387524812116833,0,0,0,0,0,0,0,0,0,0
1.86223366421284,0,0,0,0,0,0,0,0,0,0
1.8860147059284065,0,0,0,0,0,0,0,0,0,0
1.910099435605342,0,0,0,0,0,0,0,0,0,0
1.9344917313907426,0,0,0,0,0,0,0,0,0,0
1.959195520956306,0,0,0,0,0,0,0,0,0,0
1.9842147821307659,0,0,0,0,0,0,0,0,0,0
2.0095535435404095,0,0,0,0,0,0,0,0,0,0
2.035215885257768,0,0,0,0,0,0,0,0,0,0
2.0612059394585964,0,0,0,0,0,0,0,0,0,0
2.0875278910872375,0,0,0,0,0,0,0,0,0,0
2.11418597853049,0,0,0,0,0,0,0,0,0,0
2.1411844943000733,0,0,0,0,0,0,0,0,0,0
2.168527785723815,0,0,0,0,0,0,0,0,0,0
2.196220255645661,0,0,0,0,0,0,0,0,0,0
2.224266363134625,0,0,0,0,0,0,0,0,0,0
2.252670624202795,0,0,0,0,0,0,0,0,0,0
2.2814376125325015,0,0,0,0,0,0,0,0,0,0
2.3105719602127808,0,0,0,0,0,0,0,0,0,0
2.3400783584852367,0,0,0,0,0,0,0,0,0,0
2.369961558499427,0,0,0,0,0,0,0,0,0,0
2.400226372077903,0,0,0,0,0,0,0,0,0,0
2.4308776724910093,0,0,0,0,0,0,0,0,0,0
2.461920395241585,0,0,0,0,0,0,0,0,0,0
2.493359538859683,0,0,0,0,0,0,0,0,0,0
2.525200165707437,0,0,0,0,0,0,0,0,0,0
2.5574474027942116,0,0,0,0,0,0,0,0,0,0
2.590106442602153,0,0,0,0,0,0,0,0,0,0
2.623182543922293,0,0,0,0,0,0,0,0,0,0
2.656681032701321,0,0,0,0,0,0,0,0,0,0
2.6906073028991746,0,0,0,0,0,0,0,0,0,0
2.7249668173575814,0,0,0,0,0,0,0,0,0,0
2.759765108679689,0,0,0,0,0,0,0,0,0,0
2.7950077801209328,0,0,0,0,0,0,0,0,0,0
2.8307005064912754,0,0,0,0,0,0,0,0,0,0
2.8668490350689706,0,0,0,0,0,0,0,0,0,0
2.903459186525997,0,0,0,0,0,0,0,0,0,0
2.9405368558653096,0,0,0,0,0,0,0,0,0,0
2.9780880133700545,0,0,0,0,0,0,0,0,0,0
3.0161187055649124,0,0,0,0,0,0,0,0,0,0
3.0546350561897184,0,0,0,0,0,0,0,0,0,0
3.0936432671855094,0,0,0,0,0,0,0,0,0,0
3.133149619693167,0,0,0,0,0,0,0,0,0,0
3.1731604750648157,0,0,0,0,0,0,0,0,0,0
3.213682275888129,0,0,0,0,0,0,0,0,0,0
3.2547215470237294,0,0,0,0,0,0,0,0,0,0
3.296284896655818,0,0,0,0,0,0,0,0,0,0
3.338379017356239,0,0,0,0,0,0,0,0,0,0
3.3810106871621217,0,0,0,0,0,0,0,0,0,0
3.424186770667284,0,0,0,0,0,0,0,0,0,0
3.4679142201275805,0,0,0,0,0,0,0,0,0,0
3.512200076580358,0,0,0,0,0,0,0,0,0,0
3.5570514709782137,0,0,0,0,0,0,0,0,0,0
3.602475625337224,0,0,0,0,0,0,0,0,0,0
3.648479853899846,0,0,0,0,0,0,0,0,0,0
3.6950715643126584,0,0,0,0,0,0,0,0,0,0
3.7422582588191533,0,0,0,0,0,0,0,0,0,0
3.7900475354677523,0,0,0,0,0,0,0,0,0,0
3.838447089335251,0,0,0,0,0,0,0,0,0,0
3.887464713765889,0,0,0,0,0,0,0,0,0,0
3.9371083016262425,0,0,0,0,0,0,0,0,0,0
3.9873858465761414,0,0,0,0,0,0,0,0,0,0
4.038305444355816,0,0,0,0,0,0,0,0,0,0
4.089875294089479,0,0,0,0,0,0,0,0,0,0
4.142103699605561,0,0,0,0,0,0,0,0,0,0
4.194999070773796,0,0,0,0,0,0,0,0,0,0
4.248569924859395,1.1225423333060493e+18,0,0,0,0,0,0,0,0,0
4.302824887894492,2.181753156108521e+18,0,0,0,0,0,0,0,0,0
4.35777269606713,1.3929380917605732e+18,0,0,0,0,0,0,0,0,0
4.413422197127961,9.342440868884294e+17,0,0,0,0,0,0,0,0,0
4.469782351814925,1.407460895696791e+18,0,0,0,0,0,0,0,0,0
4.526862235296113,1.827843624984783e+18,0,0,0,0,0,0,0,0,0
4.58467103863106,2.1935353120351846e+18,0,0,0,0,0,0,0,0,0
4.643218070250704,2.4996730068961577e+18,0,0,0,0,0,0,0,0,0
4.7025127574562315,2.7634520127560545e+18,0,0,0,0,0,0,0,0,0
4.762564647937075,2.678113415848053e+18,0,0,0,0,0,0,0,0,0
4.823383411308292,2.9127685824068654e+18,0,0,0,0,0,0,0,0,0
4.8849788406675705,3.6133801048074066e+18,0,0,0,0,0,0,0,0,0
4.947360854172133,6.071557102394359e+18,0,0,0,0,0,0,0,0,0
5.010539496635756,7.999700192505345e+18,0,0,0,0,0,0,0,0,0
5.07452494114621,5.61398131618593e+18,0,0,0,0,0,0,0,0,0
5.139327490703325,5.06034684638083e+18,0,0,0,0,0,0,0,0,0
5.204957579878,5.607800459710108e+18,0,0,0,0,0,0,0,0,0
5.271425776492389,6.384316693200278e+18,0,0,0,0,0,0,0,0,0
5.338742783321533,7.27885430492786e+18,0,0,0,0,0,0,0,0,0
5.406919439816741,8.490661748228816e+18,0,0,0,0,0,0,0,0,0
5.475966723850959,1.1297438635471575e+19,0,0,0,0,0,0,0,0,0
5.5458957534864535,1.5558233922573558e+19,0,0,0,0,0,0,0,0,0
5.616717788765034,2.060478734324475e+19,0,0,0,0,0,0,0,0,0
5.6884442335211745,2.591694741164057e+19,0,0,0,0,0,0,0,0,0
5.761086637218253,3.037716950395231e+19,0,0,0,0,0,0,0,0,0
5.834656696808273,3.494436970034976e+19,0,0,0,0,0,0,0,0,0
5.909166258615307,4.008501757115972e+19,5.6872805817708584e+16,0,0,0,0,0,0,0,0
5.98462732024301,4.711254910099133e+19,4.3428403515206374e+17,0,0,0,0,0,0,0,0
6.061052032506482,5.372123740488384e+19,9.058108483815791e+17,0,0,0,0,0,0,0,0
6.1384527013888075,5.910574977265053e+19,1.3765127113053373e+18,0,0,0,0,0,0,0,0
6.21684179002257,6.344889924790816e+19,1.7146621606082547e+18,0,0,0,0,0,0,0,0
6.29623192069669,6.779968222259557e+19,1.6968623530036541e+18,0,0,0,0,0,0,0,0
6.376635876888868,7.3674278461959635e+19,2.066704773146011e+18,0,0,0,0,0,0,0,0
6.458066605323999,8.019578554037594e+19,2.2676652550162045e+18,0,0,0,0,0,0,0,0
6.540537218058859,8.655438892053532e+19,2.808615044586665e+18,0,0,0,0,0,0,0,0
6.624060994593431,9.233587191617041e+19,3.299553521220029e+18,0,0,0,0,0,0,0,0
6.70865138400918,9.766413895587732e+19,2.9648804088174316e+18,0,0,0,0,0,0,0,0
6.794322007134636,1.0318885184790677e+20,3.283518966790033e+18,0,0,0,0,0,0,0,0
6.8810866587386315,1.0964496119252463e+20,3.59838288285413e+18,0,0,0,0,0,0,0,0
6.968959309751557,1.1627085602460156e+20,3.779488659508643e+18,0,0,0,0,0,0,0,0
7.057954109514958,1.2266660478770687e+20,3.907641606251548e+18,0,0,0,0,0,0,0,0
7.1480853880598945,1.2881417238831166e+20,4.1216331906731356e+18,0,0,0,0,0,0,0,0
7.239367658414372,1.3496381438050175e+20,4.3404396006231634e+18,7.761812737706358e+16,0,0,0,0,0,0,0
7.33181561894023,1.4137250913044686e+20,4.460531303673481e+18,3.217531007017574e+17,0,0,0,0,0,0,0
7.425444155699906,1.4808725361507025e+20,4.5424731752675825e+18,7.172150661099401e+17,0,0,0,0,0,0,0
7.520268344853394,1.5491445538174403e+20,4.5307037647143613e+18,1.127490697448412e+18,0,0,0,0,0,0,0
7.6163034550858155,1.6160341533600127e+20,4.3511518867570166e+18,1.4212473371144282e+18,0,0,0,0,0,0,0
7.713564950066023,1.682717077161201e+20,4.315708080375043e+18,1.7434199815226793e+18,0,0,0,0,0,0,0
7.812068490936546,1.748668235784261e+20,4.332353979170865e+18,1.8540813810808753e+18,0,0,0,0,0,0,0
7.91182993883538,1.8161099572799655e+20,4.393636678731631e+18,2.1023094162970153e+18,0,0,0,0,0,0,0
8.012865357449964,1.8834198366306605e+20,4.494526051430118e+18,2.5294170123648364e+18,0,0,0,0,0,0,0
8.115191015603758,1.9496785901938747e+20,4.633928716254043e+18,3.227184605398899e+18,0,0,0,0,0,0,0
8.218823389875887,2.0157347394366354e+20,4.811098437538456e+18,2.8189518935847265e+18,0,0,0,0,0,0,0
8.323779167254191,2.082107827803639e+20,5.028850153440538e+18,3.081129415876387e+18,1.727491899018053e+16,0,0,0,0,0,0
8.430075247822206,2.1530232586400308e+20,5.29446342094122e+18,3.328034131576573e+18,1.5318270381026835e+17,0,0,0,0,0,0
8.537728747480406,2.2236052010584447e+20,5.608845442281563e+18,3.388858600174288e+18,4.131849709497046e+17,0,0,0,0,0,0
8.646757000702241,2.2921897118848952e+20,5.968490335007492e+18,3.355527078833967e+18,6.687999855880568e+17,0,0,0,0,0,0
8.757177563325346,2.3597349678851532e+20,6.375891017430796e+18,3.310902144988434e+18,9.483355533572704e+17,0,0,0,0,0,0
8.869008215378397,2.431243618018687e+20,6.832351694097879e+18,3.2866617332479555e+18,1.192593254558923e+18,0,0,0,0,0,0
8.982266963944067,2.5032371001431428e+20,7.340012848157621e+18,3.2742637287290696e+18,1.4697027553351864e+18,0,0,0,0,0,0
9.096972046058562,2.5738025085270452e+20,7.908128476882309e+18,3.2675856464138506e+18,1.7223089047143967e+18,0,0,0,0,0,0
9.213141931648135,2.64203167352565e+20,8.581561988269932e+18,3.266560568741654e+18,1.9459363149877233e+18,0,0,0,0,0,0
9.330795326503162,2.7118219364570527e+20,9.457229810248585e+18,3.272126132686335e+18,2.2076475053353628e+18,1.7935091338401614e+16,0,0,0,0,0
9.449951175290153,2.7809315467604273e+20,1.0563687071889056e+19,3.2869926989238845e+18,2.981168235829111e+18,7.037686472058392e+17,0,0,0,0,0
9.570628664602234,2.848087952750535e+20,1.203626851986844e+19,3.312634164984533e+18,2.79306339977051e+18,5.709916785762018e+17,0,0,0,0,0
9.692847226048608,2.9143852956364803e+20,1.452959912179596e+19,3.34761460178528e+18,2.572536722610625e+18,4.9127201566342515e+17,0,0,0,0,0
9.816626539383437,2.981965622692243e+20,1.8643136145363554e+19,3.3901329795228815e+18,2.6178791010518595e+18,7.200126007347265e+17,0,0,0,0,0
9.941986535674715,3.046045529931246e+20,2.4239195463900037e+19,3.4378995833074e+18,2.6830072223968133e+18,8.654480719961289e+17,0,0,0,0,0
10.068947400513565,3.1036834748893305e+20,3.130193163841075e+19,3.4906315632315315e+18,2.735178708848929e+18,1.1102866454281732e+18,0,0,0,0,0
10.197529577264552,3.149495969491821e+20,3.964792083481963e+19,3.5486091599690086e+18,2.76985725461613e+18,1.3177799528414523e+18,3.1642099835031315e+15,0,0,0,0
10.327753770357505,3.179549784910422e+20,4.845835754255609e+19,3.6131394131843415e+18,2.7877939584489313e+18,1.6581775109026276e+18,1.609483946822424e+17,0,0,0,0
10.459640948621347,3.1948068610576685e+20,5.734313246058444e+19,3.6840904974528123e+18,2.8012791621715323e+18,1.726209115124128e+18,1.8215212773964042e+17,0,0,0,0
10.593212348660538,3.19686081407308e+20,6.646016737106602e+19,3.762508081319434e+18,2.8127290364453243e+18,1.8503194625542436e+18,3.453595798238237e+17,0,0,0,0
10.728489478274579,3.188397845362478e+20,7.556156793827195e+19,3.8505426587921254e+18,2.823030819637871e+18,1.956044134267471e+18,4.991559849360375e+17,0,0,0,0
10.865494119921255,3.178433505049427e+20,8.474299647561445e+19,3.949366751476894e+18,2.834081829323088e+18,2.0713680948843085e+18,6.299043987886067e+17,0,0,0,0
11.004248334224064,3.16799618259054e+20,9.42093716710348e+19,4.0595571314057907e+18,2.8488840135783373e+18,2.1823690985677548e+18,7.819027211484599e+17,1.402720287415009e+15,0,0,0
11.144774463524408,3.1570043046384494e+20,1.03617775329189e+20,4.1872230106155167e+18,2.870787239693903e+18,2.2822195948612529e+18,9.443744188818999e+17,3.0211663029807612e+16,0,0,0
11.287095135479227,3.145577793066453e+20,1.127814634950956e+20,4.3302908537481114e+18,2.8993525923588244e+18,2.3659983923774956e+18,1.0906847917817134e+18,1.0039128757363546e+17,0,0,0
11.431233266704483,3.1336672029944073e+20,1.2235868034313868e+20,4.4986725392625e+18,2.9342299488188314e+18,2.4264346265562296e+18,1.2123987988170895e+18,2.1459166646879974e+17,0,0,0
11.577212066465238,3.121292862772473e+20,1.3197315147733726e+20,4.693611707306871e+18,2.9728136534173486e+18,2.4678958091916175e+18,1.3264961532086868e+18,3.368782876689373e+17,0,0,0
11.725055040412844,3.108403040943672e+20,1.4142534171676685e+20,4.923432419418836e+18,3.01409196166938e+18,2.4954697115118976e+18,1.4495528047602726e+18,4.60365442719225e+17,0,0,0
11.874785994369814,3.095047719086564e+20,1.5131508722028724e+20,5.194019749967199e+18,3.0576008768194427e+18,2.517724113743633e+18,1.577854657240255e+18,5.878142191514825e+17,3.7625281355784235e+15,0,0
12.026429038163087,3.081212317601571e+20,1.6126616834581355e+20,5.515154863961091e+18,3.103249651161753e+18,2.5366364163831485e+18,1.7083110192823465e+18,7.092631363264544e+17,3.487621607434792e+16,0,0
12.180008589506205,3.0668841750807196e+20,1.7108110157686532e+20,5.887836441561744e+18,3.151059102940346e+18,2.552184706170344e+18,1.8386597525735293e+18,8.064014153618947e+17,1.0121698562372552e+17,0,0
12.335549377931073,3.05209247314002e+20,1.812771433507446e+20,6.317643800040647e+18,3.201266005835971e+18,2.565429090412262e+18,1.9655619090551107e+18,8.813532612504643e+17,1.985805184536359e+17,0,0
12.493076448769957,3.0368297478662763e+20,1.9150982436405058e+20,6.801513005468525e+18,3.254048448397783e+18,2.578645451173944e+18,2.081112301220623e+18,9.549017505449802e+17,3.0507195128125856e+17,0,0
12.652615167188273,3.0209952119387855e+20,2.0166008590121307e+20,7.342273750145384e+18,3.310034286774834e+18,2.5957792923095654e+18,2.1721271017329103e+18,1.0504692648711308e+18,4.144684956070106e+17,1.9526928902064675e+15,0
12.81419122226893,3.004596146640113e+20,2.1205853317520975e+20,7.939015224780699e+18,3.369410933266325e+18,2.61870109303276e+18,2.2392349119563284e+18,1.164290145633359e+18,5.225934923801394e+17,1.9844926510677292e+16,0
12.977830631148821,2.987586807384685e+20,2.2244276901404836e+20,8.6023517052294e+18,3.4328891583658685e+18,2.6479285047246223e+18,2.2837678043986865e+18,1.2890059534568799e+18,6.147849011544666e+17,6.614575376443647e+16,0
13.14355974320811,2.969989774625581e+20,2.3273280389181276e+20,9.33537719735692e+18,3.5013552326828344e+18,2.6823177980386796e+18,2.315625673970893e+18,1.416060023744825e+18,6.851265363348609e+17,1.4262576283166165e+17,0
13.31140524431304,2.951861982248147e+20,2.4315404329553042e+20,1.0186994769891406e+19,3.575166472050961e+18,2.7198767549259075e+18,2.3418196502658883e+18,1.5436083067110776e+18,7.397080343300242e+17,2.353588556439139e+17,2.1280552656125062e+13
13.481394161112926,2.9332227574752585e+20,2.5357810799371177e+20,1.124241011465178e+19,3.655848340874444e+18,2.759535287357601e+18,2.3638430959588265e+18,1.6731749646879468e+18,7.917895284613756e+17,3.3478568127121146e+17,2.7612635742162715e+15
13.653553865391995,2.9139218364527195e+20,2.6402440544559913e+20,1.2550959118788532e+19,3.7444374339575593e+18,2.800746385474943e+18,2.3815056699703076e+18,1.8015560020598344e+18,8.555580728068648e+17,4.2963278292414944e+17,2.104032896122008e+16
13.827912078476857,2.8939646546300525e+20,2.7447604468222457e+20,1.423443725118894e+19,3.8421985483820954e+18,2.8432561344545157e+18,2.395848436355098e+18,1.9192227531615493e+18,9.369196802509824e+17,5.101796782016078e+17,6.367732405809313e+16
14.004496875700159,2.8734141155238265e+20,2.8488171901871925e+20,1.6848560796939076e+19,3.9507349188720527e+18,2.8870126307801943e+18,2.408432355738481e+18,2.0187607817589832e+18,1.0365096882418275e+18,5.731453283612367e+17,1.3148225492975694e+17
14.183336690921374,2.852333841162593e+20,2.950249094424003e+20,2.085524899552147e+19,4.072293334529696e+18,2.932056560698226e+18,2.422342223337007e+18,2.0940705307434194e+18,1.1514631014180591e+18,6.227907576288064e+17,2.167679069771455e+17
14.364460321105184,2.8307467124253783e+20,3.04647981717732e+20,2.6659964173135507e+19,4.209770691879386e+18,2.9785229547799603e+18,2.441117071382382e+18,2.1471161670508485e+18,1.2740001146072087e+18,6.695977393901187e+17,3.077087548086845e+17
14.547896930958437,2.8086487435710087e+20,3.130167712739914e+20,3.464953487272786e+19,4.3655772108589256e+18,3.0265028934782495e+18,2.465991616071044e+18,2.1861936051206295e+18,1.399425573956222e+18,7.175183215462182e+17,3.913436698914537e+17
14.733676057626262,2.786032066987472e+20,3.198218316136191e+20,4.438083023103521e+19,4.543095154541952e+18,3.07625065344924e+18,2.4964853463673533e+18,2.2168679245632899e+18,1.526904331820307e+18,7.698584571710104e+17,4.5918190528892205e+17
14.92182761544817,2.7628870426032626e+20,3.247353753631437e+20,5.5575939541089845e+19,4.748921654524751e+18,3.1279794145431557e+18,2.5312864467479844e+18,2.241743654763438e+18,1.6533808524145818e+18,8.330298375244005e+17,5.1080962809733446e+17
15.112381900774906,2.73922283175082e+20,3.27567494686942e+20,6.7486467621210554e+19,4.988524322782007e+18,3.182088997164137e+18,2.568753253553944e+18,2.2613135046888015e+18,1.7715488267131277e+18,9.115131242352319e+17,5.535252775553441e+17
15.30536959684677,2.715083498924621e+20,3.2901735079341995e+20,7.988557040094028e+19,5.268523504541313e+18,3.238886333962344e+18,2.607895846404357e+18,2.2762378526052142e+18,1.874860241866441e+18,1.0069017648028268e+18,5.952354781086455e+17
15.500821778734277,2.690600464279992e+20,3.293975406635079e+20,9.229693625753957e+19,5.598735765597681e+18,3.2989316560688625e+18,2.6482647972212337e+18,2.2881178098679078e+18,1.959627351267946e+18,1.1174947724609722e+18,6.392969159403661e+17
15.698769918341913,2.6657882999678167e+20,3.29315575356339e+20,1.0485209614129355e+20,5.98634071026388e+18,3.3627220521136614e+18,2.6896588288774764e+18,2.2993768856779315e+18,2.0252613972396035e+18,1.2380428440043254e+18,6.85698551452646e+17
15.899245889475733,2.6406028029928735e+20,3.291903188545586e+20,1.1769915132051969e+20,6.435449448520652e+18,3.4309293334186327e+18,2.7319768615448223e+18,2.3137765500035e+18,2.0759924600168689e+18,1.3638870268118313e+18,7.352813718839834e+17
16.102281972975764,2.614963607045576e+20,3.290134563544595e+20,1.3039916798308894e+20,6.949495706742772e+18,3.5043961560766735e+18,2.7752196126496927e+18,2.333940241771978e+18,2.1158122318666696e+18,1.4906957482331072e+18,7.913113871056993e+17
16.307910861913832,2.588872821435897e+20,3.287860038483822e+20,1.4341153441150522e+20,7.528471738559659e+18,3.5838981266238674e+18,2.8194228495511035e+18,2.360069657922029e+18,2.1469275567845494e+18,1.611487001972689e+18,8.596141399629921e+17
16.516165666857887,2.5623638712928433e+20,3.2851009224691286e+20,1.5625066053993382e+20,8.16892695557177e+18,3.670727641214026e+18,2.864679477644183e+18,2.391463382227048e+18,2.1705722873930043e+18,1.7205688722256855e+18,9.439620334558447e+17
16.727079921203504,2.535563591034492e+20,3.281807293174871e+20,1.693393654192714e+20,8.876259699784144e+18,3.7659138446039747e+18,2.911088324090014e+18,2.4264748450634675e+18,2.187745632980688e+18,1.814291377916987e+18,1.0454148791903441e+18
16.940687586573414,2.508488250602917e+20,3.2779836498184575e+20,1.8236257940970684e+20,9.655156149887605e+18,3.871050824645696e+18,2.958852009241758e+18,2.463678129890654e+18,2.2001147472343027e+18,1.8921731974828454e+18,1.1615598180259013e+18
17.15702305828607,2.481178575301905e+20,3.273650259857751e+20,1.9564297017679544e+20,1.0513364857307828e+19,3.9879149093108065e+18,3.0081126910269404e+18,2.502305274259977e+18,2.2097670930748726e+18,1.9568085991301757e+18,1.2860857035415252e+18
17.37612117089403,2.4536182760771545e+20,3.2688408814471034e+20,2.0896287712704666e+20,1.1486861363123333e+19,4.118360211179134e+18,3.059169473690148e+18,2.5419938781073423e+18,2.2199021731857075e+18,2.0108607613488845e+18,1.4124979876094351e+18
17.59801720379301,2.4257731273547124e+20,3.2635076559025596e+20,2.2237402781483562e+20,1.2667496104041478e+19,4.265286123961678e+18,3.1122535243780997e+18,2.5825604352243144e+18,2.2341973788097518e+18,2.054809509481254e+18,1.5323947639187927e+18
17.822746886902653,2.397611956336707e+20,3.257609910047776e+20,2.3575880980939722e+20,1.4129020966999525e+19,4.432128174139678e+18,3.167846786200907e+18,2.6239138782807634e+18,2.2547010544197212e+18,2.0890767080365793e+18,1.639189482446189e+18
18.050346406419763,2.3692018142119186e+20,3.251109602333279e+20,2.4906404271187368e+20,1.5951365241102977e+19,4.621603968894099e+18,3.226209073363631e+18,2.6660238718741294e+18,2.281036537638142e+18,2.1141858400083948e+18,1.7310642881318536e+18
18.280852410645032,2.3406818081886608e+20,3.24396245655107e+20,2.6224994755992342e+20,1.858921761929967e+19,4.839742821294495e+18,3.2878831550826373e+18,2.7088986357025306e+18,2.312336025481065e+18,2.1313214758287685e+18,1.8085531535247342e+18
18.514302015884248,2.312095707795063e+20,3.236111073808503e+20,2.7520145338106787e+20,2.260102802619288e+19,5.094014524744212e+18,3.3534804217355197e+18,2.752609934172909e+18,2.3470037618131523e+18,2.1425424395318607e+18,1.8750285406184276e+18
18.750732812424722,2.283367386160756e+20,3.22747650467064e+20,2.8744499627842257e+20,2.8571807704212378e+19,5.390154065608541e+18,3.4236210385882266e+18,2.797217266279111e+18,2.3836728166445245e+18,2.1505444197643277e+18,1.9342955719979766e+18
18.990182870588182,2.2544860801014684e+20,3.2181285706368595e+20,2.9844182581275886e+20,3.687827888063158e+19,5.736842846616791e+18,3.4990239814953196e+18,2.8428482149376026e+18,2.421658014484825e+18,2.15893930863039e+18,1.985750104347587e+18
19.232690746860836,2.2255356678047115e+20,3.208038466114283e+20,3.075190724969148e+20,4.780540212402472e+19,6.146505742427571e+18,3.5808208457770245e+18,2.8896357321781437e+18,2.460662149999865e+18,2.1716641503984973e+18,2.0273327438439232e+18
19.4782954901018,2.1965243449925334e+20,3.197196142939682e+20,3.1424922400290714e+20,6.077613898121499e+19,6.621492382325216e+18,3.6698548304426225e+18,2.937771199255618e+18,2.5004693184051466e+18,2.1903154936543455e+18,2.0590622425540396e+18
19.72703664783081,2.167464992273459e+20,3.1855621413564704e+20,3.185384717173492e+20,7.513728548004102e+19,7.169023841235907e+18,3.7676681206171776e+18,2.9874352795419955e+18,2.5409851221368484e+18,2.2151283128091233e+18,2.080305501554985e+18
19.978954272596162,2.1382858894660072e+20,3.173138294956745e+20,3.208545677169465e+20,9.040244673628114e+19,7.788186372082121e+18,3.875333888944587e+18,3.038919482791665e+18,2.582174498048507e+18,2.245079260783614e+18,2.0933708091082396e+18
20.23408892842403,2.1089906797123433e+20,3.159872977818084e+20,3.2191760448929536e+20,1.0591202690091378e+20,8.478683108496998e+18,3.99510845098622e+18,3.0924881869824466e+18,2.624041974079886e+18,2.2786269996118802e+18,2.101092302334624e+18
20.492481697350122,2.0795949836762055e+20,3.145812110931093e+20,3.222893279855732e+20,1.2162546534836933e+20,9.236663658263136e+18,4.128502595733773e+18,3.148496144401311e+18,2.666607307615989e+18,2.314307234131829e+18,2.107153493642065e+18
20.75417418603475,2.0502075169688594e+20,3.1309204183369803e+20,3.2255673821680684e+20,1.375149762007892e+20,1.0070499534524848e+19,4.278597865066214e+18,3.20741457098929e+18,2.709931361385597e+18,2.351439961362961e+18,2.1159888336072998e+18
21.019208532462404,2.020857268162372e+20,3.1152468268264233e+20,3.2279136127124806e+20,1.535447525845281e+20,1.09835871016939e+19,4.4480941552157184e+18,3.2696543743705144e+18,2.7541000057801733e+18,2.3895961651223547e+18,2.1303799391911437e+18
21.287627412726795,1.9915358088184296e+20,3.0988377376934494e+20,3.229911173007226e+20,1.6978618517318127e+20,1.1983493414840177e+19,4.640348846032765e+18,3.3357939305229373e+18,2.7991985491662566e+18,2.4285725812104125e+18,2.151032860009639e+18
21.55947404790267,1.9622545293703286e+20,3.081682520227951e+20,3.23153417170339e+20,1.859849289761828e+20,1.3146898202683335e+19,4.860730109071258e+18,3.4065505391702246e+18,2.845404623161512e+18,2.4682507007595213e+18,2.177692604613912e+18
21.83479221100524,1.9330460943639937e+20,3.063810975219316e+20,3.232758026785308e+20,2.023570276450708e+20,1.4551957086458657e+19,5.115959042472638e+18,3.482678997686811e+18,2.892832729297471e+18,2.5085704197977723e+18,2.2088006494837804e+18
22.113626234038612,1.903873594785792e+20,3.045238967382976e+20,3.2335699481370073e+20,2.1865214412424433e+20,1.6289732447053558e+19,5.413047555091922e+18,3.565017749068083e+18,2.9417089942868e+18,2.5495065459054054e+18,2.2427460305461996e+18
22.39602101513415,1.8747159686742937e+20,3.025990120555422e+20,3.233969610016558e+20,2.3482375355632878e+20,1.848941940016024e+19,5.759713708479312e+18,3.654619260441368e+18,2.992217442959018e+18,2.59106510246149e+18,2.2784748735606938e+18
22.682022025779997,1.8456502594379655e+20,3.006031678327362e+20,3.233951556682954e+20,2.5092373537628547e+20,2.1769167834769867e+19,6.167779168727671e+18,3.7529317909633336e+18,3.0447133310007004e+18,2.633292992974602e+18,2.315450148560921e+18
22.971675318143003,1.8167491799402067e+20,2.985350201221813e+20,3.2335212807817016e+20,2.6631801237239362e+20,2.6730495034908344e+19,6.646441206965214e+18,3.8611697140944143e+18,3.0994235532523633e+18,2.676226265163365e+18,2.353351375596768e+18
23.265027532484016,1.78792456418087e+20,2.964015335913797e+20,3.232668953616946e+20,2.805502469810407e+20,3.4026903661774696e+19,7.200369635362426e+18,3.9811867734477604e+18,3.156821206229794e+18,2.719965148978164e+18,2.3920102439754317e+18
23.562125904667965,1.7591734366224895e+20,2.9420049375953686e+20,3.2313423288318833e+20,2.929290095660485e+20,4.426368783712909e+19,7.833016963581781e+18,4.1150227756254715e+18,3.217232187498947e+18,2.7645846779555236e+18,2.4313183887529334e+18
23.86301827376988,1.730538014653887e+20,2.9193022406948012e+20,3.229468265150699e+20,3.02719847414305e+20,5.744410463139382e+19,8.544510158384407e+18,4.264801420462955e+18,3.2812691988017423e+18,2.810235802133243e+18,2.471231701042427e+18
24.167753089777907,1.7021055120241833e+20,2.896013102563757e+20,3.22697965662699e+20,3.0975774091438005e+20,7.31589624124201e+19,9.32981313614043e+18,4.4336453917014026e+18,3.3494686819008364e+18,2.857036019096002e+18,2.51172822145261e+18
24.476379421394817,1.6739011579475893e+20,2.872198052912116e+20,3.223791684817177e+20,3.1407994785398627e+20,9.062544754516887e+19,1.0189745142836865e+19,4.625232105956481e+18,3.422526088187135e+18,2.9052000322523315e+18,2.5528177906981443e+18
24.78894696393909,1.6459003253112144e+20,2.847817421998148e+20,3.2198526511163684e+20,3.164005289848691e+20,1.0904405565874156e+20,1.112809121510151e+19,4.842960435079286e+18,3.5012785083003633e+18,2.954899658442327e+18,2.594523615090372e+18
25.1055060473469,1.618165257430799e+20,2.8229111021008536e+20,3.215133017150386e+20,3.1749853129986834e+20,1.2789803045747443e+20,1.2152799519735433e+19,5.094178256750561e+18,3.5867312814785096e+18,3.0064351245528504e+18,2.636913470152018e+18
25.426107644276325,1.590665580402763e+20,2.797604031180705e+20,3.2096477145174376e+20,3.1797759510703584e+20,1.4687500864901023e+20,1.3278829277506562e+19,5.386700276780402e+18,3.6798973431302016e+18,3.060072153401982e+18,2.6800318236508764e+18
25.75080337831495,1.56336964711907e+20,2.771857925561803e+20,3.203387884370746e+20,3.183910070973897e+20,1.6598654989881023e+20,1.4597247629158365e+19,5.727296040871327e+18,3.782164452692574e+18,3.1161338982755676e+18,2.723995096352418e+18
26.079645532292382,1.5362096185831316e+20,2.7456085130507656e+20,3.1963374396713533e+20,3.187789838564118e+20,1.8518438733874794e+20,1.6218702778133381e+19,6.126016861582971e+18,3.8948289948511677e+18,3.175049809314879e+18,2.7688794599603256e+18
26.412687056698932,1.5091607045297327e+20,2.718916487313737e+20,3.188425743763515e+20,3.191412155474696e+20,2.0431604615980335e+20,1.826238732416386e+19,6.595964964399123e+18,4.019968912235119e+18,3.237275733303218e+18,2.814863921711288e+18
26.749981578211646,1.4823100453059386e+20,2.6917770241302584e+20,3.179673104747632e+20,3.194758812733973e+20,2.2324457616927946e+20,2.0941300438053855e+19,7.143943831317898e+18,4.1597242824227927e+18,3.3033885711022807e+18,2.862063974790959e+18
27.091583408329452,1.45567157416055e+20,2.6641665933337962e+20,3.170067026999045e+20,3.197796048346394e+20,2.4182881192285523e+20,2.4908925986335773e+19,7.773489772576509e+18,4.315956856962395e+18,3.373950586006605e+18,2.910701140680598e+18
27.43754755211835,1.4292903367482609e+20,2.6361352890513234e+20,3.159593589897225e+20,3.2005526376653704e+20,2.5951001043646847e+20,3.0959612564347638e+19,8.489555466588868e+18,4.4925442342360704e+18,3.4497833403286364e+18,2.960987832159179e+18
27.787929717068394,1.4031367810214817e+20,2.607762763998076e+20,3.148273480516382e+20,3.203013142266994e+20,2.7554688166503626e+20,3.973202445832478e+19,9.285935184852736e+18,4.692641983879793e+18,3.53170111753137e+18,3.0131795583299246e+18
28.14278632206386,1.3772516079727487e+20,2.5791005193592314e+20,3.13610220035918e+20,3.205196696510054e+20,2.8910820372644633e+20,5.195056882117688e+19,1.0158928720793696e+19,4.920648034080746e+18,3.6207555487640294e+18,3.06761636756023e+18
28.50217450646775,1.3516597555280111e+20,2.5501550273773827e+20,3.12312291539697e+20,3.2070822929096776e+20,2.9956613131029774e+20,6.753392991500107e+19,1.1108618807009767e+19,5.182751392820829e+18,3.718046185595588e+18,3.124601003757893e+18
28.86615213932253,1.3263430498045115e+20,2.5209541175121782e+20,3.109336166034102e+20,3.208624889060391e+20,3.0666002869954753e+20,8.595607462445896e+19,1.2139135483835281e+19,5.488343782637564e+18,3.8250665264578683e+18,3.184630417248984e+18
29.23477782866817,1.3013052317656402e+20,2.491503786583922e+20,3.094777007112217e+20,3.209770085527037e+20,3.1086701374951975e+20,1.0638461501412427e+20,1.3252384719395598e+19,5.844579020481181e+18,3.9432548706922906e+18,3.24809407947226e+18
29.608110930979333,1.2765075059495353e+20,2.461847108112607e+20,3.0794255821458335e+20,3.21043863357689e+20,3.1307442991650924e+20,1.2796046283108377e+20,1.4487697487619078e+19,6.26178134895443e+18,4.074589292368356e+18,3.3156662721991977e+18
29.986211560723007,1.2520264575200284e+20,2.4319698675806034e+20,3.063285887576335e+20,3.210553983487032e+20,3.1409887354712936e+20,1.499697915502143e+20,1.5962609425183826e+19,6.752583190663137e+18,4.2213318626020547e+18,3.3878730544930924e+18
30.369140600038158,1.2278535113505535e+20,2.4019099698824295e+20,3.046353365547344e+20,3.210031264050519e+20,3.146203562033397e+20,1.719824099773989e+20,1.7815833656131785e+19,7.326581204315225e+18,4.3860209556295214e+18,3.465658048407553e+18
30.756959708539075,1.2039255567710935e+20,2.3717694878049134e+20,3.028616375552708e+20,3.2088126118545975e+20,3.151048637004286e+20,1.9385941678470532e+20,2.0185033593324327e+19,7.987780483880339e+18,4.571935292867917e+18,3.549826517245992e+18
31.14973133324383,1.1802216628907971e+20,2.341491364588785e+20,3.010115369402174e+20,3.206880723193448e+20,3.15562125738205e+20,2.154257106864683e+20,2.3438149764307964e+19,8.738198514366602e+18,4.783217292359222e+18,3.641373554785027e+18
31.547518718629576,1.156762956976001e+20,2.3110897985915493e+20,2.990855795585684e+20,3.204199850485285e+20,3.159959038765507e+20,2.363907535939103e+20,2.835557245736798e+19,9.574317879970578e+18,5.023684023131398e+18,3.741578146165286e+18
31.95038591681626,1.1335640418638648e+20,2.280631653213656e+20,2.970908412816773e+20,3.20074210427002e+20,3.1640927064119214e+20,2.559767809319145e+20,3.5747743107073024e+19,1.0488150253557533e+19,5.300906822070793e+18,3.85188815032788e+18
32.3583977978803,1.1106360956468953e+20,2.2500953230801217e+20,2.9502744373248832e+20,3.196461240221619e+20,3.168035387959341e+20,2.7335232973547346e+20,4.643203201731215e+19,1.1476588520582693e+19,5.624250805379993e+18,3.9738416987621053e+18
32.77162006030006,1.0879756050447735e+20,2.219428227683348e+20,2.9290345145863743e+20,3.1913270391217665e+20,3.17176902248857e+20,2.8771771124412626e+20,6.099594976870397e+19,1.2539982226984888e+19,6.001485839053445e+18,4.1094347508019226e+18
33.19011924153472,1.0656475129388519e+20,2.1886762672537842e+20,2.9072045202386177e+20,3.185323919235993e+20,3.175288734514687e+20,2.983856104664019e+20,7.937488545662827e+19,1.3682645657720422e+19,6.443810764070777e+18,4.2612068316870815e+18
33.61396272873814,1.0436804304187746e+20,2.15790017471624e+20,2.8847631176292434e+20,3.178466140164899e+20,3.1785921550126835e+20,3.0533435807692417e+20,1.0080571254309947e+20,1.492783611377331e+19,6.965231578956617e+18,4.43150424680423e+18
34.04321876960963,1.0220541079919033e+20,2.127039530288061e+20,2.8617573712058588e+20,3.170777940595358e+20,3.18169646814151e+20,3.093213357769067e+20,1.2428731305655498e+20,1.63974078121025e+19,7.573878081229164e+18,4.623787621821096e+18
34.4779564833833,1.0007301386083633e+20,2.096119362118413e+20,2.83813031054275e+20,3.1622723844998444e+20,3.184578696478371e+20,3.112944870267958e+20,1.4876381237817465e+20,1.82497622825783e+19,8.273185999788104e+18,4.842452464350919e+18
34.91824587195762,9.797120338767988e+19,2.0652687455827916e+20,2.8138975300989164e+20,3.152914885205858e+20,3.1871637027905307e+20,3.1217992437619275e+20,1.7334985683069095e+20,2.066306517910739e+19,9.066355252945079e+18,5.091517023639362e+18
35.36415783116734,9.59028458993047e+19,2.0345010707801083e+20,2.789031967720691e+20,3.142701662959946e+20,3.189348932936183e+20,3.127328847049219e+20,1.9765890788745845e+20,2.3923746671902536e+19,9.947923865443617e+18,5.378490061969785e+18
35.815764162199024,9.386803325171145e+19,2.0038388019823837e+20,2.763617761965776e+20,3.131607369168288e+20,3.191033974673761e+20,3.132529629568709e+20,2.2135540765536964e+20,2.8839164617887334e+19,1.0904310239340302e+19,5.713968244780631e+18
36.27313758315272,9.186251950639931e+19,1.9733542399395866e+20,2.7377035526929213e+20,3.119640508939915e+20,3.1921229385199924e+20,3.1374740042475825e+20,2.436234699628214e+20,3.6291665508672848e+19,1.1930431953688375e+19,6.105291123331631e+18
36.73635174075096,8.988312044282891e+19,1.943082184905884e+20,2.711337884446454e+20,3.106796724460789e+20,3.192536338848379e+20,3.142178679584056e+20,2.6353003204337844e+20,4.7203557550212375e+19,1.3029358316994275e+19,6.564569885357064e+18
37.205481222197534,8.793399591353162e+19,1.9129663853873e+20,2.6845908177240805e+20,3.09311550971636e+20,3.192264133159351e+20,3.146686162288786e+20,2.8020922661763164e+20,6.231538980935859e+19,1.4199535238536659e+19,7.105808328874642e+18
37.680601567187544,8.601507667678126e+19,1.883005177852017e+20,2.6575245156121e+20,3.0786276873830656e+20,3.1912741764375563e+20,3.151020096269949e+20,2.9286524313773762e+20,8.175998079469191e+19,1.5462839155601314e+19,7.737944405360128e+18
38.16178928007086,8.412330929473652e+19,1.853216957350335e+20,2.6301326510750607e+20,3.063364481429545e+20,3.1895245209907384e+20,3.155222926054081e+20,3.013360902551949e+20,1.0487000618919648e+20,1.6961576319539474e+19,8.465092102564762e+18
38.649121842171034,8.225466867658795e+19,1.8235107865218502e+20,2.6024340754367028e+20,3.04735805440063e+20,3.186989414711995e+20,3.159324131254398e+20,3.063465607120435e+20,1.304269465768925e+20,1.8883084616168067e+19,9.288923804680219e+18
39.14267772426126,8.041211190997724e+19,1.7938657336420378e+20,2.5743522362273078e+20,3.030586488324981e+20,3.183636282042688e+20,3.163309999131727e+20,3.089232566903746e+20,1.572254467975669e+20,2.142783226083196e+19,1.0201774645182638e+19
39.642536399199926,7.859729565423421e+19,1.7642970119818468e+20,2.5459244717828227e+20,3.0130587447743264e+20,3.179444265991359e+20,3.1671705339860956e+20,3.100704811655736e+20,1.8416293067584563e+20,2.491513285639331e+19,1.1186604076599108e+19
40.148778354727426,7.681040375997768e+19,1.7348281424155194e+20,2.517113319271832e+20,2.994745986521273e+20,3.174410119005052e+20,3.17085621854891e+20,3.1069407185411814e+20,2.104199659542012e+20,3.0198593400971158e+19,1.2238714153654378e+19
40.661485106426255,7.505174885334635e+19,1.705464702501919e+20,2.4879699738325795e+20,2.975676541041255e+20,3.1685218813024607e+20,3.174292151751991e+20,3.1125546483036756e+20,2.3506856540319138e+20,3.825442921629763e+19,1.3356756936912417e+19
41.1807392108469,7.332694266639925e+19,1.6762673237267815e+20,2.4585336324995737e+20,2.9558506157189916e+20,3.161763867097677e+20,3.1773864025413557e+20,3.117786210366133e+20,2.570973251357653e+20,5.006030127980725e+19,1.4538826591742839e+19
41.70662427880104,7.163876607233293e+19,1.6473469663506124e+20,2.4288732958162164e+20,2.9353069126337728e+20,3.1541179853680666e+20,3.180028995948399e+20,3.12275079154889e+20,2.7550631637101622e+20,6.6529537377361e+19,1.5807466868513184e+19
42.23922498882463,6.998566341115717e+19,1.618659718705493e+20,2.399070774478355e+20,2.9141136326319322e+20,3.1456046999499964e+20,3.1821176025743104e+20,3.1275345924821e+20,2.894771428210076e+20,8.777765818443275e+19,1.7319383394830545e+19
42.77862710081311,6.836613951714955e+19,1.590197457301453e+20,2.3690997925478305e+20,2.8922876891282794e+20,3.136244387434802e+20,3.183576912985112e+20,3.132162128437019e+20,2.988598008253777e+20,1.1295634084912787e+20,1.930234105273283e+19
43.324917469830304,6.677908867127121e+19,1.562008325290669e+20,2.3390231434116347e+20,2.8698696019967243e+20,3.126045800211558e+20,3.184368489643902e+20,3.1366636332751585e+20,3.043700106525389e+20,1.4073161615385528e+20,2.201695070621812e+19
43.878184060094114,6.52252811348831e+19,1.534075471880101e+20,2.3087971923621662e+20,2.8468792829450427e+20,3.115017941968717e+20,3.184464776521894e+20,3.141081265691719e+20,3.072290592686292e+20,1.6970485586068685e+20,2.5779879681956057e+19
44.43851595914045,6.370447940421276e+19,1.5063573245467827e+20,2.2784595071725765e+20,2.8233284312114243e+20,3.1031368593695664e+20,3.183810885030336e+20,3.145451516878531e+20,3.0850652437205746e+20,1.984632718431599e+20,3.146119441810812e+19
45.00600339216828,6.221487455855652e+19,1.4788680394897372e+20,2.2480125567698495e+20,2.79923245767935e+20,3.0904051442296966e+20,3.1823701370611656e+20,3.149805298788458e+20,3.0919609158143554e+20,2.2547465698357582e+20,4.007631071104184e+19
45.580737736567805,6.0753830653056745e+19,1.4516477485860957e+20,2.217507689286394e+20,2.7745950690175582e+20,3.0768139114855196e+20,3.180109019025435e+20,3.154100676458815e+20,3.09801716337848e+20,2.4965922097825612e+20,5.262174935252251e+19
46.16281153663404,5.932145763411819e+19,1.424630741634308e+20,2.1869873407104995e+20,2.7494426858984797e+20,3.062355502236295e+20,3.177024308604772e+20,3.1582349542481415e+20,3.1035305141545966e+20,2.6994056794045297e+20,7.005104423242905e+19
46.75231851846842,5.791856322893785e+19,1.3978182678242258e+20,2.1564444004357662e+20,2.723762920706472e+20,3.0470725485860376e+20,3.173129265220495e+20,3.1620980474504144e+20,3.108657064977234e+20,2.8543234032675904e+20,9.251106978044763e+19
47.34935360507079,5.654427124415212e+19,1.3712545067917887e+20,2.1259512215832386e+20,2.6975960441039785e+20,3.030999447425946e+20,3.1684068260904704e+20,3.165576626976754e+20,3.113544661888698e+20,2.960080897667243e+20,1.191978102176415e+20
47.95401293162379,5.51966972798697e+19,1.3449609407711016e+20,2.095481823249815e+20,2.670948281417123e+20,3.014186983085261e+20,3.1628316207399476e+20,3.1685680732348e+20,3.118301626068428e+20,3.023718270249493e+20,1.485936039025724e+20
48.566393860972894,5.387456676984207e+19,1.3189555263727233e+20,2.0650578872401553e+20,2.6438450823224725e+20,2.996666307845738e+20,3.156375095267908e+20,3.170990739334148e+20,3.122969342514512e+20,3.057358552838578e+20,1.7914495940861723e+20
49.18659499930353,5.25795881492377e+19,1.2932720946305432e+20,2.0346390299301718e+20,2.6163211834903832e+20,2.9784402009100144e+20,3.1490166371475554e+20,3.1728077730696816e+20,3.1275778260707017e+20,3.0732672952553714e+20,2.08923778899198e+20
49.81471621201907,5.1310959708965724e+19,1.2679719075480352e+20,2.0042654784336793e+20,2.588419567197574e+20,2.959502776033324e+20,3.140753571063088e+20,3.173973181987777e+20,3.132163804712437e+20,3.0816093884263753e+20,2.360112274620629e+20
50.45085863982116,5.006623023220605e+19,1.2430226443535085e+20,1.9739272415153596e+20,2.5602372630227232e+20,2.9398537136289133e+20,3.131620579658714e+20,3.174434492735769e+20,3.1367674101141937e+20,3.08849648185582e+20,2.5927940258509737e+20
51.09512471499538,4.8843688089604006e+19,1.2184022340750547e+20,1.943604835117311e+20,2.531816353262051e+20,2.9194701185355573e+20,3.121651161336304e+20,3.174135101746593e+20,3.141396435630616e+20,3.094557287337923e+20,2.7768190081906265e+20
51.747618177905146,4.7645432315621745e+19,1.1941043357869515e+20,1.9133363406941317e+20,2.5031959872623795e+20,2.89833216566801e+20,3.110870144845369e+20,3.173026194141783e+20,3.145971685252134e+20,3.099993163095421e+20,2.9072384642545448e+20
52.408444093695984,4.64713560248689e+19,1.1701053692999382e+20,1.8830940840036227e+20,2.4743961934931768e+20,2.876478249724056e+20,3.0992716422687385e+20,3.171091579179725e+20,3.1503505967677106e+20,3.105029806510724e+20,2.989207313468641e+20
53.07770886921324,4.532109597690182e+19,1.1463855095908767e+20,1.8529607626596686e+20,2.445376752450249e+20,2.8539680540257105e+20,3.086839858143129e+20,3.1683465994252504e+20,3.1543945547587414e+20,3.109864076116748e+20,3.035027379497606e+20
53.75552027013591,4.4195030263394574e+19,1.1229388730675333e+20,1.8229785292709472e+20,2.4161141008116027e+20,2.8308771570360415e+20,3.073548719680194e+20,3.164788654895137e+20,3.15797771159855e+20,3.11462263356615e+20,3.057497153602221e+20
54.44198743832901,4.309537668742593e+19,1.0997692346380072e+20,1.7932119368361427e+20,2.3865378175715243e+20,2.807289404987879e+20,3.059386356422139e+20,3.160413113822279e+20,3.161009081556821e+20,3.119353585158005e+20,3.068514522622472e+20
55.13722090941789,4.202293850599461e+19,1.0768752726155508e+20,1.763731805917417e+20,2.356676444321839e+20,2.7832577900263575e+20,3.0443461686846004e+20,3.155191101469243e+20,3.163467625586021e+20,3.124084150148356e+20,3.076571662664469e+20
55.84133263058661,4.09769099355709e+19,1.0542331945283574e+20,1.7345600801178508e+20,2.3265383918785072e+20,2.7587885209167446e+20,3.028470388918816e+20,3.1490908893785404e+20,3.1653275318705114e+20,3.1288583353914235e+20,3.08348927440984e+20
56.554435978604,3.995674064208014e+19,1.0318347310625361e+20,1.7057313590507458e+20,2.2961746302650014e+20,2.733861467483528e+20,3.011820057305675e+20,3.142089959311885e+20,3.1665219054070484e+20,3.13369888013497e+20,3.089487620709515e+20
57.276645778079384,3.8961727916135236e+19,1.0096832648565816e+20,1.677168035564169e+20,2.2656746598120335e+20,2.708423733886853e+20,2.994462175569688e+20,3.13419142159636e+20,3.166984231495331e+20,3.138551731210627e+20,3.094832543752795e+20
58.008078319952126,3.799134039987606e+19,9.877838794850556e+19,1.648849643391027e+20,2.235093841079502e+20,2.6824222808794494e+20,2.976446215935554e+20,3.1254018793303114e+20,3.166651053583459e+20,3.143310749650738e+20,3.09979922653242e+20
58.74885138021672,3.704477881339034e+19,9.661171263916712e+19,1.620724647235875e+20,2.204535859967715e+20,2.6558268892035465e+20,2.957771694663162e+20,3.115752112633693e+20,3.165496610153353e+20,3.1478073260045147e+20,3.104598744089974e+20
59.49908423888704,3.6121429907235787e+19,9.447368148222172e+19,1.5927540238207146e+20,2.17404821978545e+20,2.6286958012670358e+20,2.938405234418332e+20,3.1052748462243e+20,3.1635315711404756e+20,3.151889726427676e+20,3.1093679174393994e+20
60.25889769920333,3.5220815218354106e+19,9.237000276612055e+19,1.5648955844353976e+20,2.1436918390065866e+20,2.601118466592504e+20,2.918302318433649e+20,3.0939970813292426e+20,3.1607570746031204e+20,3.1554534940880726e+20,3.114175627575016e+20
61.0284141070836,3.4342410342920282e+19,9.02994960237354e+19,1.5371353702751925e+20,2.113466142804199e+20,2.5731959997299658e+20,2.8974256360692233e+20,3.081905098202717e+20,3.157162325700408e+20,3.1584530476460835e+20,3.1190352164696e+20
61.80775737082432,3.3485513742000443e+19,8.826731641066814e+19,1.5094777476900818e+20,2.0833019630340774e+20,2.5450189915296504e+20,2.875785999820232e+20,3.068976495989905e+20,3.1527391050186274e+20,3.160874797441791e+20,3.1239934322513e+20
62.59705298105186,3.2649630680079675e+19,8.627703694289237e+19,1.4819386745456778e+20,2.0531864996258818e+20,2.516658971056359e+20,2.8534457115550663e+20,3.055181550613109e+20,3.147461282892549e+20,3.162677751142919e+20,3.129024649380559e+20
63.39642803092946,3.1834041823534494e+19,8.432612197555942e+19,1.4545398228918159e+20,2.023033550323343e+20,2.4881691653037756e+20,2.8304930272363502e+20,3.04051266328461e+20,3.141301001279051e+20,3.1637866206339216e+20,3.134045069196283e+20
64.20601123662173,3.1038403138703643e+19,8.241289982901415e+19,1.4273524427322645e+20,1.9928265618446667e+20,2.4595308183510113e+20,2.8070216993656898e+20,3.0249828428974516e+20,3.134253774939567e+20,3.1641293573473586e+20,3.1389348331623934e+20
65.02593295802053,3.026225164541222e+19,8.053755171439164e+19,1.4004062221841362e+20,1.9625242609629495e+20,2.4306893523774793e+20,2.783110303243274e+20,3.008640147195746e+20,3.126319030290236e+20,3.1636623124608686e+20,3.143512618706866e+20
65.85632521973594,2.950504232298357e+19,7.869906030140296e+19,1.3737540319273812e+20,1.9321730372067043e+20,2.4015807431191888e+20,2.758799937166762e+20,2.9915533713555e+20,3.117499500096177e+20,3.162389848702501e+20,3.1476276415388176e+20
66.69732173235485,2.876629209774378e+19,7.689573743660558e+19,1.3474491448812539e+20,1.9018571056152822e+20,2.3721481543274965e+20,2.7340437672117453e+20,2.9737890243590134e+20,3.107805816306241e+20,3.1603079699540214e+20,3.151202096765151e+20
67.54905791397097,2.804526852747761e+19,7.512706473289753e+19,1.3214685060538925e+20,1.8716339484114158e+20,2.3423740143935907e+20,2.7087876572546348e+20,2.9553880950812934e+20,3.0972722486486145e+20,3.157408038521322e+20,3.154218506626157e+20
68.41167091199038,2.7341826227172008e+19,7.339255972703272e+19,1.2958361151170245e+20,1.8415926723624593e+20,2.312292281481289e+20,2.6829747031302364e+20,2.9363161877085356e+20,3.085930447426448e+20,3.153673725575376e+20,3.156643963962362e+20
69.28529962521488,2.6655507201388765e+19,7.169070075240831e+19,1.2705031093833587e+20,1.811781930468062e+20,2.2820093710205724e+20,2.6565965486737546e+20,2.9165228655358352e+20,3.073783237043329e+20,3.149094094150974e+20,3.158430000046992e+20
70.17008472620772,2.5985846904085815e+19,7.002135382940545e+19,1.2455032593554283e+20,1.7822452531631266e+20,2.2516181653489752e+20,2.6296752373040392e+20,2.8959833781658432e+20,3.0608041135150924e+20,3.143651424753537e+20,3.159500734788213e+20
71.06616868394462,2.533223852631836e+19,6.838378466617866e+19,1.2207931637150324e+20,1.7529643060786243e+20,2.221204796026495e+20,2.602275233734538e+20,2.8747011381158147e+20,3.046973450485968e+20,3.137337354042541e+20,3.159788300124592e+20
71.97369578675462,2.46944263043923e+19,6.677684623613586e+19,1.1963922958623701e+20,1.7239449336885228e+20,2.1908375956365155e+20,2.5745084779287432e+20,2.8526999250313822e+20,3.032286920693244e+20,3.1301488959548935e+20,3.1592777951745186e+20
72.89281216555334,2.4072171597685686e+19,6.519968438523228e+19,1.1722755781835507e+20,1.6951877438455834e+20,2.1605174611310068e+20,2.546468312552027e+20,2.830045314003256e+20,3.0167533186599446e+20,3.122079263646567e+20,3.1579696251309785e+20
73.82366581737301,2.3465112500309647e+19,6.365179858881949e+19,1.1484557973314516e+20,1.6666732244903015e+20,2.1302502639827465e+20,2.518214375481043e+20,2.8068298632170557e+20,3.000400384776755e+20,3.113125244278175e+20,3.155850964469465e+20
74.76640662919321,2.2872590796924965e+19,6.2132063693148905e+19,1.1249125086834862e+20,1.6384141988859485e+20,2.100041936598129e+20,2.4897533391599822e+20,2.7831294569621032e+20,2.983293442039563e+20,3.103291869589051e+20,3.152904840563777e+20
75.72118640207606,2.2294353034661495e+19,6.0638991035078296e+19,1.101625132288682e+20,1.6103842110137034e+20,2.0698916646381634e+20,2.4610955600184187e+20,2.7589691212400896e+20,2.965488989349799e+20,3.092603856807464e+20,3.1491072691550565e+20
76.68815887560885,2.1730125570003915e+19,5.917262708605423e+19,1.0785638941709333e+20,1.5825362128728637e+20,2.039773925398374e+20,2.4322409645860985e+20,2.734363937892503e+20,2.9470222491529835e+20,3.081097922592379e+20,3.144450890998979e+20
77.66747975265983,2.1179587161473556e+19,5.773247933038183e+19,1.0557156454623247e+20,1.554839905312612e+20,2.0096423609797893e+20,2.4031379384218613e+20,2.7092727922182272e+20,2.9278789307018533e+20,3.06878368321245e+20,3.1389371412038006e+20
78.6593067244495,2.064254832127545e+19,5.632032176635421e+19,1.0331032077968623e+20,1.5272634647550958e+20,1.9794828644632147e+20,2.37376904050865e+20,2.6836729719035966e+20,2.908032195978544e+20,3.055645782694658e+20,3.1325664862367036e+20
79.66379949594192,2.011887087381677e+19,5.49374327952618e+19,1.0107447415721533e+20,1.4998333350097106e+20,1.9493220005846876e+20,2.344142565202766e+20,2.65756874495479e+20,2.887478492271518e+20,3.041678526840147e+20,3.1253328938787714e+20
80.68111981156098,1.9608584320262345e+19,5.358456118205242e+19,9.886955551433476e+19,1.4725440121110482e+20,1.919193464428672e+20,2.314283036208813e+20,2.6309738253905166e+20,2.8662240377260356e+20,3.026875970276542e+20,3.117224171017209e+20
81.71143148123446,1.91113767630712e+19,5.2263945900373205e+19,9.669999000338029e+19,1.4454567745364673e+20,1.889136958978522e+20,2.2842341261286162e+20,2.6039170537183927e+20,2.8442853466923424e+20,3.0112420115072424e+20,3.108230511700993e+20
82.7549004067709,1.8626878029658657e+19,5.097531857593996e+19,9.457078810390148e+19,1.418626699784502e+20,1.8592302291070006e+20,2.254065290104187e+20,2.5764530802350676e+20,2.821696204783416e+20,2.994791741054386e+20,3.0983487532846553e+20
83.81169460857306,1.8154724754252734e+19,4.971809875567947e+19,9.248015622562243e+19,1.3920714860145558e+20,1.8295240639475935e+20,2.2238495779807707e+20,2.5486674343448137e+20,2.7985313537972686e+20,2.9775733138486814e+20,3.0875964336804115e+20
84.88198425269312,1.7694545157701198e+19,4.849161833673363e+19,9.042890585304333e+19,1.365792082937666e+20,1.800016650522561e+20,2.1935997358971476e+20,2.520585724395538e+20,2.7748244592203232e+20,2.959627217385249e+20,3.0760099441957097e+20
85.96594167823277,1.7246134900915773e+19,4.7294874949186945e+19,8.84142295508102e+19,1.3397687034946408e+20,1.7707078627897904e+20,2.163326335359175e+20,2.492223620876145e+20,2.7505989164604673e+20,2.9409806125241382e+20,3.0636144341066455e+20
87.06374142509327,1.680921306032153e+19,4.612708179681001e+19,8.643650167900923e+19,1.3140120479663e+20,1.7415902367874443e+20,2.133031355749624e+20,2.463592348239079e+20,2.7258768237014994e+20,2.9216573308420178e+20,3.050414895072296e+20
88.17556026208038,1.6383522549811493e+19,4.498780884703198e+19,8.449451831150653e+19,1.2884983812708814e+20,1.7126641368901547e+20,2.1027153385059438e+20,2.434702749942394e+20,2.7006844626963936e+20,2.9016672070837823e+20,3.036408520363552e+20
89.30157721536773,1.596874590699244e+19,4.387619627095041e+19,8.258709558709803e+19,1.2632373823111994e+20,1.6839302117142318e+20,2.0723867390809814e+20,2.40558703605812e+20,2.6750402919708823e+20,2.881015422338517e+20,3.0215889542650646e+20
90.44197359732345,1.556459191798625e+19,4.27913271306118e+19,8.071446287626412e+19,1.2382233850204252e+20,1.6553805296030836e+20,2.0420547223157182e+20,2.3762819589619227e+20,2.6489649996073835e+20,2.8597073215247565e+20,3.005953287417368e+20
91.59693303570593,1.5170736670956919e+19,4.173268886771448e+19,7.88740751655691e+19,1.2134423803371287e+20,1.6270151450485644e+20,2.0117734644173367e+20,2.3468141828727738e+20,2.6224730497156645e+20,2.8377479691376948e+20,2.989498395680913e+20
92.76664150323101,1.4786921078478555e+19,4.069972066315306e+19,7.706696734654115e+19,1.1889033386506346e+20,1.5988334158932417e+20,1.9815748314122863e+20,2.317206386726384e+20,2.5955769535456946e+20,2.8151461698032035e+20,2.972244079929423e+20
93.95128734751819,1.4412957546167056e+19,3.969158782311798e+19,7.529051129129646e+19,1.16458043436922e+20,1.5708748708543604e+20,1.9514895666318924e+20,2.2874775465622258e+20,2.5682887745480645e+20,2.7919236183899573e+20,2.954222992603241e+20
95.1510613214179,1.4048600422106227e+19,3.870764187816825e+19,7.354544816196689e+19,1.1404869235947217e+20,1.5431837820934095e+20,1.921549847823595e+20,2.2576439806723604e+20,2.540616002481447e+20,2.7681022635831853e+20,2.9354685951125406e+20
96.36615661372724,1.3693603911220519e+19,3.774747842377919e+19,7.182982395090853e+19,1.1166177574472699e+20,1.515778273586202e+20,1.8917722180427435e+20,2.227690713482612e+20,2.5125726718255602e+20,2.7437038453814542e+20,2.916051202797884e+20
97.59676888029726,1.3347733860095945e+19,3.681033034000598e+19,7.014420566491029e+19,1.0930093870230392e+20,1.4886630949710565e+20,1.8621479652640683e+20,2.1976235643000835e+20,2.484174068932858e+20,2.71877699881185e+20,2.8960077582956423e+20
98.84309627553735,1.3010710664104002e+19,3.5895552932342886e+19,6.848683180647375e+19,1.0697228392968272e+20,1.461835732253888e+20,1.8326474715223536e+20,2.167452277227146e+20,2.4554382727942472e+20,2.693418344055103e+20,2.8753484823432407e+20
100.10533948432276,1.268232960444041e+19,3.5002735551495823e+19,6.6857557628227625e+19,1.0468052623885641e+20,1.435272115144867e+20,1.8032703610261203e+20,2.137184772143898e+20,2.4263985129951347e+20,2.667676111230423e+20,2.854075825377958e+20
101.3837017543089,1.2362368907869166e+19,3.4131218836333842e+19,6.525534492084951e+19,1.0242944601949253e+20,1.4089134003365901e+20,1.7740176887206946e+20,2.106825323386683e+20,2.3971567352325072e+20,2.6415778214796788e+20,2.8321809033175663e+20
102.67838892865811,1.2050640900289219e+19,3.32804750307526e+19,6.367996559648594e+19,1.0022204396768079e+20,1.3827548778529554e+20,1.7448936053886956e+20,2.0763785624546892e+20,2.367806125651325e+20,2.615132169773622e+20,2.8096320296437255e+20
103.98960947918535,1.1746944810164066e+19,3.2450068933328404e+19,6.213358007640378e+19,9.80575279057939e+19,1.3567907674506915e+20,1.7158943810397448e+20,2.0458903444764177e+20,2.3383950942867456e+20,2.5883276180049524e+20,2.786399973364435e+20
105.3175745399262,1.1451052799286168e+19,3.163942688170312e+19,6.061715206592103e+19,9.593292546944659e+19,1.3310216634169403e+20,1.6870155801599417e+20,2.0154614002395234e+20,2.3089462402614038e+20,2.561109856100195e+20,2.762512731203821e+20
106.66249794113368,1.1162794627546722e+19,3.0848017439895675e+19,5.9133450679609246e+19,9.384445189208688e+19,1.305444466174328e+20,1.6582597839272382e+20,1.9851965439014853e+20,2.2794619560547765e+20,2.5334384358893437e+20,2.7379970574687342e+20
108.02459624370988,1.0881950706208322e+19,3.007537954999988e+19,5.768388378030767e+19,9.179114621712774e+19,1.2800522246716845e+20,1.62963092479163e+20,1.9551550075071676e+20,2.249884358263893e+20,2.505328453012985e+20,2.712945048784275e+20
109.40408877407647,1.0608337285503203e+19,2.9321059323481588e+19,5.627033424139609e+19,8.97722188047077e+19,1.254844454428776e+20,1.601179860363619e+20,1.9253667700295313e+20,2.220130629954014e+20,2.4767934277270448e+20,2.687494187455671e+20
110.80119765949107,1.0341779163113951e+19,2.8584548792179376e+19,5.489195648019777e+19,8.778648512493501e+19,1.2298213013201743e+20,1.5729812305641298e+20,1.895832324328268e+20,2.1901885059006362e+20,2.4478622146818513e+20,2.6617248468638594e+20
112.21614786381411,1.0082086329294266e+19,2.7865361691142996e+19,5.354753008282721e+19,8.58335788879487e+19,1.2049766171876776e+20,1.5451179420319157e+20,1.8664783320173108e+20,2.1600650394788515e+20,2.418637987499162e+20,2.635671888427058e+20
113.64916722373287,9.82911503085299e+18,2.716314691025597e+19,5.2236017460373316e+19,8.391197757883518e+19,1.1803092490576491e+20,1.5176714220314994e+20,1.8372235992185173e+20,2.1297694940125764e+20,2.3892572985947832e+20,2.6093335191699954e+20
115.10048648544836,9.582662549630753e+18,2.647760032266814e+19,5.095642252659845e+19,8.202173088214411e+19,1.1558162940276113e+20,1.490658255391101e+20,1.8080235326651636e+20,2.099313086783147e+20,2.359853091679561e+20,2.5826592639570045e+20
116.5703393418295,9.342558021825937e+18,2.5808643332882833e+19,4.970753939473874e+19,8.01611684304816e+19,1.1315317540037254e+20,1.4640504542990911e+20,1.778877045624577e+20,2.068729708573737e+20,2.3304888745310342e+20,2.5555424829107457e+20
118.05896247004338,9.10865797209334e+18,2.5156012492724883e+19,4.8488569735395746e+19,7.833025282680478e+19,1.1075238153940492e+20,1.4377663496761672e+20,1.7497877101052815e+20,2.038121971101863e+20,2.3011760873933754e+20,2.5279050176676705e+20
119.56659556966488,8.880806490852014e+18,2.4519526162010247e+19,4.72986214683428e+19,7.652840475981937e+19,1.0838683401155361e+20,1.4117220012837213e+20,1.7207575056966972e+20,2.0076185618902965e+20,2.2718635501967917e+20,2.4997545828297526e+20
121.09348140127307,8.658905428536598e+18,2.38991097463352e+19,4.613714738939471e+19,7.475427808298253e+19,1.06063514494798e+20,1.3858447296936601e+20,1.691785491007177e+20,1.9773540323770515e+20,2.2424326721298507e+20,2.4711131211849577e+20
122.63986582554135,8.442734974667545e+18,2.3294357090735583e+19,4.500323966764657e+19,7.300800390208058e+19,1.037881619925364e+20,1.3600947070641915e+20,1.662870366239029e+20,1.947420731575217e+20,2.2127797034481307e+20,2.4420486954854413e+20
124.20599784282575,8.232157347902182e+18,2.270490313431148e+19,4.38963062463107e+19,7.128789951755655e+19,1.0156516374663886e+20,1.3344718522961723e+20,1.634046004932757e+20,1.9178474398451e+20,2.1828677307790403e+20,2.4127042305936645e+20
125.7921296332595,8.027027333656605e+18,2.2130334375513743e+19,4.281570450273557e+19,6.95940902209325e+19,9.939217410847108e+19,1.3089768324035597e+20,1.6053962095799307e+20,1.888567218399092e+20,2.1527041680994707e+20,2.3832449841171038e+20
127.39851659735882,7.827243649006666e+18,2.1570281132677374e+19,4.17605662523115e+19,6.792611646696981e+19,9.726521972142632e+19,1.2836129342191895e+20,1.5770152368051726e+20,1.8594716650529764e+20,2.122296932582587e+20,2.353833235920341e+20
129.02541739714843,7.632709511278632e+18,2.1024372508160815e+19,4.073049573449803e+19,6.628531627007913e+19,9.517978531622624e+19,1.2583738840512312e+20,1.5490016470423064e+20,1.8304597576977167e+20,2.0916747813047193e+20,2.324546811644501e+20
130.67309399781126,7.443220738133159e+18,2.0492261270697853e+19,3.9724665321087885e+19,6.4674444930822414e+19,9.313191991186992e+19,1.2332571974300638e+20,1.521447789363708e+20,1.801451738154894e+20,2.060942057534761e+20,2.2953837769651624e+20
132.34181170987,7.25864570903347e+18,1.9973581270129684e+19,3.874263575392325e+19,6.309551109089796e+19,9.111741939572587e+19,1.2082636715473617e+20,1.494423765525227e+20,1.772429179627381e+20,2.0302329791136026e+20,2.2662312144163452e+20
134.03183923190832,7.078874204796207e+18,1.9468012059911045e+19,3.778371487184036e+19,6.155141060167545e+19,8.913292104174119e+19,1.1833954998116583e+20,1.4678857092990974e+20,1.743393396414599e+20,1.9996976237070824e+20,2.2369487407440675e+20
135.74344869383668,6.903855934781033e+18,1.8975208937581556e+19,3.6847300704521163e+19,6.004409150402947e+19,8.71777555933499e+19,1.158696580199117e+20,1.4417452307359431e+20,1.7143472545436788e+20,1.9694824702662735e+20,2.207413356834254e+20
137.4769157007106,6.733398335429667e+18,1.8494859345517486e+19,3.5932921046015898e+19,5.857430783615543e+19,8.525113146513705e+19,1.1342385256195124e+20,1.4159061267256954e+20,1.6852957409797243e+20,1.9396919981004017e+20,2.177546580838602e+20
139.23251937710967,6.567359368059991e+18,1.8026629911701471e+19,3.5039836064410366e+19,5.714105752071087e+19,8.335251130970648e+19,1.1101016657334926e+20,1.390272503087131e+20,1.656261839599699e+20,1.9103081629702642e+20,2.1473570700988927e+20
141.0105424120815,6.405656277448104e+18,1.7570251603643441e+19,3.416772176188166e+19,5.574348213840111e+19,8.148138194832666e+19,1.0863750467806383e+20,1.3647614229873875e+20,1.6273305514519318e+20,1.881223171517036e+20,2.116859348693471e+20
142.8112711046615,6.248247686852218e+18,1.7125511600367966e+19,3.331586243819471e+19,5.438064192796383e+19,7.963683445400094e+19,1.063131182641791e+20,1.3393189246941712e+20,1.59861010439051e+20,1.8523146629474956e+20,2.0861249623884494e+20
144.6349954099723,6.094993351996705e+18,1.669214795722601e+19,3.2483937196609966e+19,5.305166180439331e+19,7.781843694188932e+19,1.0404176753292188e+20,1.3139421546173437e+20,1.5702153581046802e+20,1.8234661067722408e+20,2.055296286375326e+20
146.48200898591315,5.945730300034874e+18,1.6269917301995459e+19,3.167127671002292e+19,5.175573331913879e+19,7.602580264827683e+19,1.0182275526027108e+20,1.2886331478139208e+20,1.5422532408469475e+20,1.794578115317462e+20,2.0245350578191044e+20
148.3526092404449,5.800342450468759e+18,1.585854068588621e+19,3.087752057389026e+19,5.049183075622137e+19,7.425811704964171e+19,9.965472286178555e+19,1.2633933157322698e+20,1.5148156555996768e+20,1.7656073291223686e+20,1.9940046357161083e+20
150.2470973794784,5.658725941320318e+18,1.5457835278684778e+19,3.010206531163735e+19,4.925884358801459e+19,7.251495172397314e+19,9.753607876743481e+19,1.2382213845184673e+20,1.4879284986070463e+20,1.7365548502689936e+20,1.963854609740408e+20
152.1657784553757,5.520719244562408e+18,1.506750723981306e+19,2.9344706459730203e+19,4.8055729326344905e+19,7.079577165628659e+19,9.546285484700056e+19,1.213115707543601e+20,1.4615573604219737e+20,1.7074213666647084e+20,1.9341867644029367e+20
154.10896141606966,5.386133253069455e+18,1.4687202460112032e+19,2.860522612825224e+19,4.68813441838122e+19,6.910190759300331e+19,9.343046789721367e+19,1.1880986805922516e+20,1.435615240218206e+20,1.6782242793234016e+20,1.9049478330115716e+20
156.07695915481057,5.254877886638172e+18,1.4316730743838142e+19,2.7883513820641157e+19,4.573470236056238e+19,6.743629845017631e+19,9.143429357697312e+19,1.1632499170818387e+20,1.4100000676477596e+20,1.6490491693005108e+20,1.876020375029183e+20
158.0700885605493,5.126868638689229e+18,1.3955893932860324e+19,2.7179457322419917e+19,4.4614846072014684e+19,6.58022094413688e+19,8.946970712387571e+19,1.138659083757732e+20,1.3846037668622801e+20,1.6200105650995872e+20,1.847269640227965e+20
160.08867056896273,5.002025052246811e+18,1.3604413101255868e+19,2.649297584009187e+19,4.352114052547798e+19,6.420269009946446e+19,8.753271588653067e+19,1.1144219029406987e+20,1.3593248615352161e+20,1.5912378739783333e+20,1.818562127012912e+20
162.13303021413068,4.880267104156362e+18,1.326198365303692e+19,2.582380752825783e+19,4.245289908571602e+19,6.264012748342696e+19,8.562096223785884e+19,1.0906277420349142e+20,1.3340792224952366e+20,1.5628601266987303e+20,1.789779989428663e+20
164.20349668087408,4.761520450920562e+18,1.292846865004865e+19,2.51715294260532e+19,4.140949354586212e+19,6.111620586249176e+19,8.37339326631852e+19,1.0673540863447043e+20,1.3088398993758426e+20,1.5349834299388104e+20,1.7608428117445476e+20
166.30040335776,4.645707714650755e+18,1.260364405817837e+19,2.4535702026557653e+19,4.039028592299707e+19,5.963004225795773e+19,8.187119784909888e+19,1.0446153407382202e+20,1.2836067683401238e+20,1.507662895899722e+20,1.731749049802344e+20
168.42408789078462,4.532755416837165e+18,1.228719687504107e+19,2.391590789594027e+19,3.9394650553831514e+19,5.818068428840582e+19,8.003244950335178e+19,1.022398507996467e+20,1.258380982443506e+20,1.4808899338564282e+20,1.7025063928780148e+20
170.5748922377408,4.422595054604056e+18,1.197897506852658e+19,2.3311757622494806e+19,3.8422004146660336e+19,5.676724407622778e+19,7.82169744847971e+19,1.0006915048096136e+20,1.2331676005313502e+20,1.454643369761809e+20,1.6731697794290644e+20
172.75316272328084,4.3151538301580114e+18,1.1678806900269435e+19,2.272283823103777e+19,3.747177600968694e+19,5.538877906184771e+19,7.642414378965447e+19,9.794814240312418e+19,1.2079807472370006e+20,1.4288421548239998e+20,1.6438609829770582e+20
174.95925009468226,4.210365464881856e+18,1.1386455735803134e+19,2.214877333190103e+19,3.6543357694773395e+19,5.404443096876148e+19,7.46536220150195e+19,9.587545746150762e+19,1.182895528669378e+20,1.4033789177107741e+20,1.614721964946852e+20
177.1935095783247,4.1081633580416983e+18,1.110168837862477e+19,2.158918505337209e+19,3.5636310066572018e+19,5.273333784624773e+19,7.2905075021748126e+19,9.384734715488164e+19,1.1580130615144091e+20,1.3781356116712661e+20,1.5858982101679423e+20
179.4563009368897,4.008483553096309e+18,1.0824381811746277e+19,2.1043710522482827e+19,3.474996916214325e+19,5.145467216145499e+19,7.1180276903288414e+19,9.185902912828477e+19,1.1334446228811265e+20,1.3529975298216564e+20,1.5575229231587105e+20
181.74798852728966,3.911262733766954e+18,1.0554339153617048e+19,2.051199072036236e+19,3.3883900167901975e+19,5.020761502796033e+19,6.94822755961867e+19,8.990530537437605e+19,1.109293396455839e+20,1.3278677793242597e+20,1.5296944247026208e+20
184.06894135933646,3.816440077299788e+18,1.0291325975494259e+19,1.999368076318404e+19,3.3037549988581126e+19,4.899137044951591e+19,6.781457415239386e+19,8.79810828336413e+19,1.0856493289148678e+20,1.3026958761243694e+20,1.502425553264328e+20
186.41953315516068,3.723954812952394e+18,1.0035216789450215e+19,1.9488436341729087e+19,3.2210390169849598e+19,4.7804855356147e+19,6.61810105078427e+19,8.60818451265522e+19,1.0625473228222977e+20,1.277484391085741e+20,1.4757035971039522e+20
188.80014240938826,3.6337505398014085e+18,9.785842333345608e+18,1.8995937661224624e+19,3.140215456314713e+19,4.664702988322592e+19,6.458472318975133e+19,8.420460174485797e+19,1.0399752932711011e+20,1.2522364928188155e+20,1.449514925895405e+20
191.21115245008613,3.5457689046322053e+18,9.543002500210821e+18,1.851585436940668e+19,3.0612597412450357e+19,4.551671478839324e+19,6.302756511412633e+19,8.2348731241636e+19,1.0179200823788829e+20,1.226964085156085e+20,1.4237956394353746e+20
193.65295150048564,3.459955982905372e+18,9.306556115341642e+18,1.8047880925371169e+19,2.9841683937527845e+19,4.4412797607127286e+19,6.150880681778349e+19,8.051387243064718e+19,9.963695693573847e+19,1.201740158213942e+20,1.3984387396743814e+20
196.12593274149555,3.376256102523073e+18,9.076339205805584e+18,1.7591702364349932e+19,2.908931893774062e+19,4.333419742108979e+19,6.002745728139222e+19,7.869963399164803e+19,9.753111963349687e+19,1.176667878040409e+20,1.3733226870657157e+20
198.6304943750119,3.2946179477570284e+18,8.852171372368716e+18,1.7147028100350687e+19,2.8355417661647774e+19,4.227992540626245e+19,5.858260306003381e+19,7.690551993842506e+19,9.547334273181244e+19,1.1518626450471617e+20,1.3483239669224953e+20
201.16703968803645,3.21498992907172e+18,8.633921834051925e+18,1.6713566272149774e+19,2.7639927009960518e+19,4.124933691219364e+19,5.717332629004147e+19,7.51310210623936e+19,9.346136710223692e+19,1.127443327700787e+20,1.323334054299604e+20
203.73597711761528,3.1373216303935836e+18,8.421442211158117e+18,1.6291031754642485e+19,2.6942465871658144e+19,4.024179014499569e+19,5.579873028508536e+19,7.3376826330652205e+19,9.149047045772147e+19,1.1035067629604959e+20,1.2982750904467692e+20
206.33772031660524,3.061564745052115e+18,8.214591676731101e+18,1.5879151323464204e+19,2.6262583097913446e+19,3.925659715361934e+19,5.445795607248919e+19,7.164633916743256e+19,8.955523200910189e+19,1.0801107580663716e+20,1.2731382666021334e+20
208.97268822028025,2.9876716121114066e+18,8.013218972375752e+18,1.5477655551583558e+19,2.5599833839300456e+19,3.829314453187104e+19,5.315015646646697e+19,6.994344703870301e+19,8.764998561340296e+19,1.057249724661518e+20,1.2479319635965657e+20
211.6413051137899,2.9155958831054223e+18,7.817200135127205e+18,1.5086302216520192e+19,2.495378561594816e+19,3.7350782505389695e+19,5.187450784515979e+19,6.827231400034074e+19,8.57693904413227e+19,1.0349107857286488e+20,1.2226956735914438e+20
214.3440007004768,2.8452923950188104e+18,7.626406765020713e+18,1.470493874332417e+19,2.4324017143196713e+19,3.6428934801609576e+19,5.063020788137233e+19,6.6636820907581325e+19,8.390896651089766e+19,1.0130813932664254e+20,1.1975309102732761e+20
217.08121017106936,2.7767169622888433e+18,7.440683771564072e+18,1.4333355168012902e+19,2.3710116423006327e+19,3.5527037578449048e+19,4.941647184263951e+19,6.504023070979789e+19,8.20669827217839e+19,9.91749267126311e+19,1.1725578837756672e+20
219.85337427375507,2.709827030754994e+18,7.259873186645633e+18,1.3971389901288235e+19,2.311168668188989e+19,3.4644477998334304e+19,4.823254414052121e+19,6.348285654904969e+19,8.024298341109098e+19,9.709025888166157e+19,1.1479025674792955e+20
222.6609393851516,2.644580324411201e+18,7.083733993226578e+18,1.3618884370851561e+19,2.2528334040963183e+19,3.3780685198924173e+19,4.70774603195931e+19,6.1963710308676395e+19,7.843657429733448e+19,9.505296014036053e+19,1.1236795273832812e+20
225.50435758218217,2.5809359211986253e+18,6.91211042771865e+18,1.3275619238651992e+19,2.1959677296713343e+19,3.2935218037477593e+19,4.594993551458821e+19,6.0481835785385705e+19,7.66475396047324e+19,9.306142446846925e+19,1.0999769894931451e+20
228.38408671486894,2.5188546442336015e+18,6.744816775963036e+18,1.2941405343147962e+19,2.1405351455237964e+19,3.210806370026985e+19,4.484859073207235e+19,5.903631776320679e+19,7.48761657148886e+19,9.11112952746406e+19,1.0768145668518578e+20
231.30059048005754,2.4582971206370406e+18,6.58164699188099e+18,1.2615952875832705e+19,2.086499007853518e+19,3.129937131761245e+19,4.377198430328897e+19,5.7626236823435575e+19,7.312559785248545e+19,8.919691519096524e+19,1.0541791003105201e+20
234.25433849608146,2.3992260608542515e+18,6.422497159235273e+18,1.2299102246499408e+19,2.033824598352877e+19,3.0509394601509212e+19,4.271876321075866e+19,5.625072235415966e+19,7.14002425257408e+19,8.73121918857366e+19,1.032058148701327e+20
237.24580637837988,2.341603972658851e+18,6.267265627697553e+18,1.199060535965268e+19,1.9824770469894693e+19,2.9738393022715015e+19,4.1687680672097e+19,5.49088993438268e+19,6.9704954985932915e+19,8.545118363530984e+19,1.0104391767559009e+20
240.27547581608286,2.2853950068531072e+18,6.115855201134856e+18,1.169024093620939e+19,1.9324230067404198e+19,2.8986528530300056e+19,4.067798205500488e+19,5.3599931300469875e+19,6.804423047530606e+19,8.360883258807027e+19,9.893102117258209e+19
243.34383464957295,2.2305644733744049e+18,5.968171829594957e+18,1.139786562319137e+19,1.8836302123485065e+19,2.8253628637029454e+19,3.968901488188089e+19,5.232300897272474e+19,6.642193951147376e+19,8.178229974616903e+19,9.686596724812808e+19
246.45137694903696,2.1770777993985219e+18,5.824121795303309e+18,1.1113199753254912e+19,1.8360665349930609e+19,2.753920967533018e+19,3.87202173838639e+19,5.1077326096105595e+19,6.483934408261781e+19,7.997125503761493e+19,9.484759976673963e+19
249.59860309402293,2.124901660860146e+18,5.683614767624475e+18,1.0836120778121587e+19,1.7897010072278348e+19,2.6842805476377145e+19,3.777103014847113e+19,4.986210569670424e+19,6.329547948294887e+19,7.817540014538605e+19,9.287471090745754e+19
252.78601985401096,2.0740037380133578e+18,5.54656314217318e+18,1.0566368379317203e+19,1.7445035998798918e+19,2.6163964014029853e+19,3.6840892875272364e+19,4.867659438796871e+19,6.178938682835066e+19,7.6394880139183e+19,9.09437701402889e+19
256.01414047001407,2.024352533334144e+18,5.412881548489525e+18,1.0303812007415335e+19,1.700445055948343e+19,2.5502244906067456e+19,3.592922926324667e+19,4.752005811935659e+19,6.0320131887531155e+19,7.46327264452053e+19,8.904919948455777e+19
259.28348473722025,1.9759165372979456e+18,5.282484597793418e+18,1.0048252684912531e+19,1.6574961356174264e+19,2.4857208065742815e+19,3.5035528728373694e+19,4.6391583288041005e+19,5.8886780400292086e+19,7.289339891120703e+19,8.718475978639326e+19
262.59457908869064,1.9286662310929492e+18,5.155292288413609e+18,9.799507886922772e+18,1.6156294263034262e+19,2.4228440903241e+19,3.415938798730172e+19,4.5289737926363005e+19,5.7488457258123534e+19,7.118195166378516e+19,8.534414623858246e+19
265.9479566801271,1.8825719738123151e+18,5.031224302138981e+18,9.55744175344901e+18,1.5748174312654422e+19,2.3615529597526303e+19,3.330099986120472e+19,4.421289600965594e+19,5.612428402765754e+19,6.9503590843204575e+19,8.352176858994221e+19
269.34415747572007,1.83760504293935e+18,4.91020281235045e+18,9.321839827306697e+18,1.535033509673255e+19,2.3018073223046468e+19,3.2460794262109176e+19,4.3159354802107875e+19,5.4793409689348686e+19,6.786249916657497e+19,8.171350285656292e+19
272.78372833509525,1.7937374720703667e+18,4.792152045466663e+18,9.092585136722487e+18,1.4962517289252819e+19,2.2435681528521753e+19,3.1639331224498e+19,4.212745384981885e+19,5.349500582228389e+19,6.626101664223315e+19,7.99184940910031e+19
276.2672231013694,1.7509422863496118e+18,4.676998915631061e+18,8.869464942920741e+18,1.4584470758904197e+19,2.1867978109553943e+19,3.0837234423015723e+19,4.11156995999465e+19,5.2228273545196356e+19,6.469852065051748e+19,7.813671225709091e+19
279.79520269032946,1.709192832756294e+18,4.564671217137046e+18,8.652384261157901e+18,1.4215948519921996e+19,2.1314591316964356e+19,3.0054918729078768e+19,4.0123154063543206e+19,5.099242370634032e+19,6.317404027304464e+19,7.636959742509587e+19
283.3682351807535,1.6684630631448358e+18,4.455098387901003e+18,8.441141714237389e+18,1.3856758037377243e+19,2.0775158086210392e+19,2.929235837641922e+19,3.914924159176745e+19,4.978668523453421e+19,6.168662685232993e+19,7.46215127378525e+19
286.9868959058826,1.6287279791790374e+18,4.3482127092556447e+18,8.235638967742077e+18,1.3506766270869176e+19,2.0249329941978485e+19,2.8549059470975635e+19,3.81934757509688e+19,4.861031827429433e+19,6.023537017203877e+19,7.289772171662695e+19
290.6517675460607,1.589962801732666e+18,4.2439470647943204e+18,8.035644520995535e+18,1.3165827572811321e+19,1.973676174519749e+19,2.7824532783276982e+19,3.725531861017695e+19,4.746258962458985e+19,5.881936819911872e+19,7.1203749627140735e+19
294.3634402225599,1.5521435143096097e+18,4.1422364059956434e+18,7.840949841928063e+18,1.2833824545159793e+19,1.9237119035283935e+19,2.7118304235079942e+19,3.6334237107613946e+19,4.634277662847183e+19,5.743774685178282e+19,6.954460257200151e+19
298.1225115926015,1.515246926276941e+18,4.0430179221882895e+18,7.651315826550361e+18,1.2510625123514872e+19,1.875007886514031e+19,2.6429916078384775e+19,3.542972887342515e+19,4.524960677577585e+19,5.608966228694214e+19,6.7924067602730435e+19
301.9295869455917,1.4792499585491584e+18,3.9462291137277e+18,7.466514464426401e+18,1.2196074632605258e+19,1.8275320144623436e+19,2.5758913230820815e+19,3.454192939432766e+19,4.418130627390428e+19,5.477427487703338e+19,6.634268880118898e+19
305.7852793005851,1.4441304581499786e+18,3.8518099884562857e+18,7.2863101745803e+18,1.1889946112123562e+19,1.7812534628321083e+19,2.510485882039462e+19,3.3671499727691375e+19,4.313593445928345e+19,5.3490778854680125e+19,6.47995027508766e+19
309.6902095049947,1.409866781436335e+18,3.759701937279845e+18,7.110538207987635e+18,1.159203640966938e+19,1.7361421274563072e+19,2.446732620234412e+19,3.2819267773098115e+19,4.211150882944766e+19,5.22383871254075e+19,6.329356835866384e+19
313.6450063345613,1.3764376906054633e+18,3.6698474548534666e+18,6.939087954492774e+18,1.1302139685730386e+19,1.6921684842486424e+19,2.38458969729897e+19,3.1986123684155027e+19,4.1106166637515284e+19,5.101632748640141e+19,6.182396231980353e+19
317.6503065945982,1.343822619499439e+18,3.582190855901101e+18,6.771852307754043e+18,1.1020056485158902e+19,1.6493039462948452e+19,2.3240166020074e+19,3.117289367394266e+19,4.011839858385505e+19,4.982385229454436e+19,6.038979071361427e+19
321.7067552225323,1.312001527646661e+18,3.49667788130164e+18,6.608726910268088e+18,1.07455928246171e+19,1.607520665902416e+19,2.2649738720687735e+19,3.0380086775789527e+19,3.914754575149436e+19,4.8660233141431484e+19,5.899018261880836e+19
325.8150053917509,1.2809546450860106e+18,3.4132550100019036e+18,6.449608835808469e+18,1.0478565068732221e+19,1.5667911905970012e+19,2.207422607382823e+19,2.9607321183601037e+19,3.819308528372075e+19,4.752475154956262e+19,5.762427895353555e+19
329.97571861677665,1.2506629072733962e+18,3.331870631014333e+18,6.294398832068785e+18,1.0218772455581176e+19,1.5270890471037145e+19,2.1513252959978357e+19,2.8854092464613868e+19,3.7254557616703906e+19,4.641671480232901e+19,5.629125146468958e+19
334.1895648597863,1.2211077167074721e+18,3.252474400510809e+18,6.143000089347053e+18,9.966055074638758e+18,1.4883884195045898e+19,2.0966453586899354e+19,2.8119908742981247e+19,3.63315099001828e+19,4.5335071686340846e+19,5.49902923067019e+19
338.45722263848756,1.192270791520149e+18,3.175016833560415e+18,5.99531745883939e+18,9.720199368310315e+18,1.4506639452326492e+19,2.0433468602997555e+19,2.7404286820802597e+19,3.542395758568928e+19,4.427792575000603e+19,5.372060741484705e+19
342.77937913537556,1.1641345500469599e+18,3.0994503401366753e+18,5.851259434333945e+18,9.481073340102023e+18,1.4138912301562227e+19,1.9913952381519446e+19,2.670676196192724e+19,3.4532732956963623e+19,4.324311454870473e+19,5.248143330574468e+19
347.15673030838195,1.1366815496996641e+18,3.025727712868046e+18,5.710735258282971e+18,9.24848483578264e+18,1.3780460950326034e+19,1.9407562361394266e+19,2.6026873572129174e+19,3.365901697502265e+19,4.222837856147486e+19,5.127201254372132e+19
351.58998100294116,1.1098950664830189e+18,2.9538036881917696e+18,5.573657907958473e+18,9.022279067071955e+18,1.34310580362269e+19,1.8913970021817467e+19,2.536417994007522e+19,3.280410406471961e+19,4.123166753935779e+19,5.009161906750726e+19
356.0798450654839,1.0837585580430284e+18,2.8836334994582963e+18,5.439941327000682e+18,8.802308146983343e+18,1.3090570937438046e+19,1.8432850693331962e+19,2.4718244549664522e+19,3.1969140024201e+19,4.025128765482916e+19,4.893953470939585e+19
360.6270454583808,1.0582560044790758e+18,2.8151737948500393e+18,5.309502180806512e+18,8.588349023465939e+18,1.275887323646172e+19,1.7963890001665202e+19,2.408864473477737e+19,3.11549677659812e+19,3.928649531485112e+19,4.781506409088378e+19
365.23231437635627,1.033371823991215e+18,2.7483824098247834e+18,5.182259420596282e+18,8.380173044309222e+18,1.243588237452413e+19,1.7506782253585496e+19,2.3474969509928673e+19,3.0361390249251643e+19,3.8336981541288714e+19,4.671753093163879e+19
369.89639336438637,1.0090908090886117e+18,2.683218195043426e+18,5.058133953800025e+18,8.17750815351215e+18,1.212151663736029e+19,1.7061229217332726e+19,2.287681793113545e+19,2.9587888768032035e+19,3.740245992036627e+19,4.564612482471551e+19
374.620033437102,9.85397975464571e+17,2.619640609235234e+18,4.937047865271138e+18,7.980087287566053e+18,1.1815675095620557e+19,1.662693726117592e+19,2.2293795251770257e+19,2.88339526459159e+19,3.648298588708684e+19,4.4599166587549704e+19
379.4039951997201,9.622789398283363e+17,2.5576107363776056e+18,4.818926361547583e+18,7.787670668463519e+18,1.1518250842689274e+19,1.6203624471308059e+19,2.1725522481986666e+19,2.8099091597560422e+19,3.557949015640687e+19,4.3574573768865686e+19
384.249048970516,9.397195067408125e+17,2.497090172933529e+18,4.703695642918572e+18,7.600005592859396e+18,1.1229037886691447e+19,1.579101284411283e+19,2.1171625901023e+19,2.7382822165016355e+19,3.4693189354050154e+19,4.257016255504843e+19
389.15597490485993,9.177059264981814e+17,2.4380417220017894e+18,4.591284230015732e+18,7.416951773361042e+18,1.094783497437239e+19,1.5388833138339203e+19,2.0631743573447397e+19,2.66846761437891e+19,3.3825406571728843e+19,4.1583859959796515e+19
394.1255631208407,8.962247121349577e+17,2.3804289004396155e+18,4.481622021248699e+18,7.238394267128452e+18,1.0674474656592032e+19,1.4996821416466442e+19,2.010552070313232e+19,2.6004194573851718e+19,3.2977365280554754e+19,4.0613844205496074e+19
399.15861382648853,8.752628587383771e+17,2.3242165289745777e+18,4.374641420101387e+18,7.064222238886409e+18,1.040877284099148e+19,1.4614723158594886e+19,1.9592615157631582e+19,2.5340934882949325e+19,3.2149956421688996e+19,3.965894962704186e+19
404.2559374486282,8.548074915350045e+17,2.26936978481601e+18,4.2702755243071084e+18,6.894326003359444e+18,1.0150562843888646e+19,1.424228663550048e+19,1.9092688567284523e+19,2.469445937547553e+19,3.1343307108115034e+19,3.871893712879159e+19
409.4183547633719,8.348461537098412e+17,2.215854976141232e+18,4.168459605446385e+18,6.728599440883492e+18,9.899667413066322e+18,1.387926830976816e+19,1.860541357843163e+19,2.406434461152972e+19,3.0556906825946714e+19,3.779356147712819e+19
414.646697028284,8.1536677794209e+17,2.1636394651751247e+18,4.069130961318161e+18,6.566939755524645e+18,9.655914971543697e+18,1.3525432284018147e+19,1.813047311152922e+19,2.3450180446845497e+19,2.979024991069158e+19,3.688334253250004e+19
419.9418061162297,7.96357430337745e+17,2.1126909790295864e+18,3.972227599109157e+18,6.409245324842715e+18,9.419155470037447e+18,1.3180545490258379e+19,1.7667553900076464e+19,2.285156167704328e+19,2.9042836724844675e+19,3.5989460214363857e+19
425.3045346509335,7.778065648041478e+17,2.0629782939745526e+18,3.877689542180826e+18,6.255417832807283e+18,9.189236342791946e+18,1.2844451543070466e+19,1.721635288382783e+19,2.2268096304517243e+19,2.8314183921154662e+19,3.5113203547689775e+19
430.73574614427116,7.597029701699379e+17,2.0144710928931e+18,3.7854585572237455e+18,6.105361823684645e+18,8.965970664353237e+18,1.2517095050387954e+19,1.6776575857361418e+19,2.1699403790259204e+19,2.7603822276890747e+19,3.425586399286185e+19
436.2363151353128,7.420356007103196e+17,1.9671395092618995e+18,3.6954772831049774e+18,5.958983279767637e+18,8.749054587501506e+18,1.219846002041136e+19,1.6347933201234448e+19,2.1145109533160616e+19,2.691128984070471e+19,3.341852987143433e+19
441.8071273311404,7.247937403872114e+17,1.9209545687782057e+18,3.607690073875704e+18,5.81619099684994e+18,8.538147174509523e+18,1.1888551452410694e+19,1.5930143995641186e+19,2.060485018908907e+19,2.6236138539745767e+19,3.260176562264263e+19
447.44907974946767,7.079669933529329e+17,1.8758881635665815e+18,3.5220429490040863e+18,5.676896502353782e+18,8.332892554291479e+18,1.1587365836790903e+19,1.552293576306326e+19,2.0078273337627296e+19,2.5577933769957954e+19,3.1805231631963206e+19
453.16308086307737,6.915451103585144e+17,1.831912585238035e+18,3.438482701678874e+18,5.541012599917251e+18,8.132935060522577e+18,1.129486425437798e+19,1.512604010780266e+19,1.9565031843021156e+19,2.4936247392969314e+19,3.1028420099611496e+19
458.95005074610503,6.755181805971995e+17,1.789001040586472e+18,3.356957882895677e+18,5.408454974690189e+18,7.937958715243465e+18,1.1010879072576885e+19,1.4739197509116514e+19,1.906479005190907e+19,2.431066543815188e+19,3.0270840037619368e+19
464.8109212221887,6.598764987602568e+17,1.747127293964699e+18,3.277418118479521e+18,5.279141078540714e+18,7.747759400610416e+18,1.0735230424383414e+19,1.4362153980307472e+19,1.857721947273973e+19,2.3700782737216627e+19,2.9532010839695282e+19
470.7466360145146,6.446106375765281e+17,1.7062658621361564e+18,3.199814480615962e+18,5.152990735737251e+18,7.562218943682835e+18,1.0467716038089853e+19,1.3994662870098352e+19,1.8102001104801317e+19,2.3106205821107196e+19,2.881146576174423e+19
476.7581508977751,6.297113562307224e+17,1.6663917679541586e+18,3.1240990175128627e+18,5.02992537533537e+18,7.381221539942561e+18,1.0208146933357705e+19,1.3636482564263363e+19,1.763882246583678e+19,2.2526549227807298e+19,2.8108747495213965e+19
482.84643385206726,6.151696826989271e+17,1.6274807615129723e+18,3.0502251750431063e+18,4.909868718515665e+18,7.204654764841452e+18,9.956341662280944e+18,1.3287378528857391e+19,1.7187380233848486e+19,2.1961438788864147e+19,2.7423412116748853e+19
489.0124652187608,6.00976843012834e+17,1.5895091298848957e+18,2.9781474334374636e+18,4.792746185633626e+18,7.032408700741337e+18,9.712130294117329e+18,1.2947121534623828e+19,1.6747377950760163e+19,2.1410508776964317e+19,2.675502566838377e+19
495.25723785835083,5.871242901216284e+17,1.552453774547424e+18,2.907821454694989e+18,4.678485136257229e+18,6.86437629003247e+18,9.475331437234557e+18,1.2615544778649102e+19,1.6318526938425209e+19,2.0873403047243887e+19,2.61031655324139e+19
501.58175731033043,5.7360368884885965e+17,1.5162921708127066e+18,2.839204004885253e+18,4.567014742070597e+18,6.70045314783016e+18,9.24574293736711e+18,1.2292644966560203e+19,1.590054579937955e+19,2.0349774418953335e+19,2.54674196934622e+19
507.9870419551045,5.6040692165323245e+17,1.481002383151528e+18,2.772252983063455e+18,4.4582660336272225e+18,6.540537630578648e+18,9.022997408939204e+18,1.1978475388954255e+19,1.54931605869709e+19,1.983928488969997e+19,2.484738700076463e+19
514.474123177969,5.475260427422601e+17,1.4465629418168735e+18,2.706927185758535e+18,4.3521715160688916e+18,6.384530270261934e+18,8.806673042636976e+18,1.1673119758341947e+19,1.5096103319662326e+19,1.934160378907524e+19,2.4242674952948617e+19
521.0440455351866,5.349533398122601e+17,1.41295300852253e+18,2.643186622545969e+18,4.2486656831809567e+18,6.232334530789493e+18,8.596320164610009e+18,1.1376659058086756e+19,1.47091139470459e+19,1.8856410227659207e+19,2.36529026469153e+19
527.6978669221805,5.2268125828299174e+17,1.3801521728407258e+18,2.580992127643918e+18,4.1476843839466286e+18,6.083855875523972e+18,8.391482651538351e+18,1.1089135293653658e+19,1.433193790848933e+19,1.838339006092398e+19,2.307769713137157e+19
534.4366587438802,5.10702443466776e+17,1.348140565318177e+18,2.5203055752743414e+18,4.0491651732432026e+18,5.939002283243592e+18,8.191770269526433e+18,1.0810435315114492e+19,1.3964327471451187e+19,1.792223755718702e+19,2.2516695416810197e+19
541.2615060872392,4.99009726058543e+17,1.3168988183815816e+18,2.461089804861756e+18,3.953047189577095e+18,5.797684068012962e+18,7.996931393094163e+18,1.054036287419614e+19,1.360604125327856e+19,1.74726548048586e+19,2.1969543767174943e+19
548.173507895955,4.875961272021747e+17,1.2864080797963297e+18,2.4033086463879127e+18,3.859271196033676e+18,5.659813939265577e+18,7.806845686010594e+18,1.0278706011016665e+19,1.325684436895372e+19,1.7034351899036735e+19,2.1435897929228993e+19
555.1737771474252,4.764548109463716e+17,1.256649884939775e+18,2.346926676810842e+18,3.7677791831125914e+18,5.52530641717626e+18,7.621395309187689e+18,1.0025274731155735e+19,1.29165069029285e+19,1.6607045040145031e+19,2.0915420847332454e+19
562.2634410319587,4.6557912748308685e+17,1.227606272735719e+18,2.2919094406846518e+18,3.6785147278678876e+18,5.394078361010467e+18,7.440465648965856e+18,9.779886973889475e+18,1.2584810219151954e+19,1.6190458239006409e+19,2.040778472035262e+19
569.4436411342754,4.549625892008005e+17,1.1992597212660536e+18,2.2382233272452838e+18,3.591422793337544e+18,5.266048673809764e+18,7.263944909937552e+18,9.542359444387625e+18,1.226170727121705e+19,1.5784322352858493e+19,1.9912669845208076e+19
576.7155336173284,4.445988841689056e+17,1.1715931838172314e+18,2.1858356387819576e+18,3.5064498395774464e+18,5.141138465613388e+18,7.091724339889868e+18,9.312331108951908e+18,1.194729172824677e+19,1.5388375606002078e+19,1.9429765248695345e+19
584.0802894084696,4.3448182582509395e+17,1.1445899538031747e+18,2.1347143332262843e+18,3.42354340415432e+18,5.019270436039354e+18,6.923697378588414e+18,9.08931025739812e+18,1.1641713834527904e+19,1.5002361586633228e+19,1.8958766276830446e+19
591.5390943879906,4.246053933938537e+17,1.1182337730873844e+18,2.084828230170783e+18,3.3426524373968973e+18,4.900369367444576e+18,6.759760337574894e+18,8.872769008488657e+18,1.1345142822255845e+19,1.4626030835494138e+19,1.8499376513383076e+19
599.0931495800796,4.1496373869339066e+17,1.0925088500992493e+18,2.0361470450574912e+18,3.263727357696612e+18,4.78436220612432e+18,6.599812512057821e+18,8.662170886984008e+18,1.10577220741843e+19,1.4259141099802173e+19,1.8051308091384285e+19
606.743671346206,4.055511171045149e+17,1.0673996746110332e+18,1.9886410364408082e+18,3.186719476948334e+18,4.671177216825275e+18,6.443755015284356e+18,8.457006408540402e+18,1.07795001918252e+19,1.3901454597019478e+19,1.7614278395831888e+19
614.4918915809851,3.963619603995945e+17,1.0428912129274693e+18,1.9422813772301683e+18,3.1115816046665216e+18,4.5607448714443924e+18,6.291492003644332e+18,8.25686842319797e+18,1.0510302688698083e+19,1.3552740877609902e+19,1.7188013521589137e+19
622.3390579105344,3.873908152649428e+17,1.0189687429371282e+18,1.8970398405836526e+18,3.038267536381623e+18,4.452997096196643e+18,6.142929638778207e+18,8.061598958813768e+18,1.02499277164031e+19,1.3212774389300765e+19,1.6772245337760238e+19
630.2864338933718,3.786323792361324e+17,9.956179503504204e+17,1.8528889827946135e+18,2.9667323510541896e+18,4.3478677090498504e+18,5.997976690579121e+18,7.871077925632901e+18,9.998166435086858e+18,1.2881335881853245e+19,1.6366713187303143e+19
638.3352992238728,3.700814681801322e+17,9.728248414359597e+17,1.8098019770803791e+18,2.896932140306908e+18,4.24529202125734e+18,5.856543987835975e+18,7.685187945851435e+18,9.75481711802321e+18,1.2558322564516788e+19,1.5971162332479693e+19
646.4869499383269,3.6173303487365274e+17,9.50575792714964e+17,1.7677527078899052e+18,2.828824161638655e+18,4.1452070626387456e+18,5.718544728761244e+18,7.503814761865036e+18,9.519547360598893e+18,1.2243870394518028e+19,1.5585344828164837e+19
654.74269862363,3.5358215369683616e+17,9.288575098362729e+17,1.7267156924806356e+18,2.7623667105501046e+18,4.047551393344181e+18,5.583894221461084e+18,7.326846894784356e+18,9.291815197755711e+18,1.1938196005508458e+19,1.5209018785983158e+19
663.1038746286365,3.4562401346861184e+17,9.076570083006431e+17,1.686666044087454e+18,2.6975190604053166e+18,3.9522650152807624e+18,5.452509761798846e+18,7.154175483689116e+18,9.070993879067928e+18,1.1641553450172822e+19,1.4841948026828196e+19
671.571824278211,3.378539420880083e+17,8.869616793603461e+17,1.6475795969702638e+18,2.634241665562284e+18,3.859289670803085e+18,5.324311045139438e+18,6.985694826946986e+18,8.856452550010013e+18,1.1354187483693642e+19,1.448390323873211e+19
680.1479110900179,3.302673590405211e+17,8.6675916271713e+17,1.609432664256614e+18,2.5724957672723917e+18,3.7685682628955146e+18,5.199219366983418e+18,6.821301330863978e+18,8.647589761955156e+18,1.1076270366908783e+19,1.413465971966673e+19
688.8335159940748,3.228598084383903e+17,8.470374349294092e+17,1.5722022057860175e+18,2.51224366643909e+18,3.6800452562890803e+18,5.077158175926045e+18,6.660894236731964e+18,8.443885332758595e+18,1.0807719911623283e+19,1.3793998933867084e+19
697.6300375551112,3.156269441230565e+17,8.277847694171725e+17,1.5358657518967296e+18,2.453448599424908e+18,3.59366649467149e+18,4.958052821640549e+18,6.504375289274829e+18,8.245123470331044e+18,1.0548343395079248e+19,1.3461707798168244e+19
706.5388921977656,3.085645258768493e+17,8.08989726232826e+17,1.5004013838074063e+18,2.396074705925718e+18,3.5093791533421583e+18,4.841830489584663e+18,6.351648650671452e+18,8.051182272351417e+18,1.0297948602659463e+19,1.3137631119609895e+19
715.5615144346624,3.0166841653849126e+17,7.906411442561985e+17,1.4657877186173745e+18,2.3400870043673175e+18,3.427131702928484e+18,4.728420150961185e+18,6.202620834633875e+18,7.861942829063923e+18,1.005623291715427e+19,1.282190596991096e+19
724.6993570973974,2.949345864523196e+17,7.727281530080773e+17,1.4320039315392827e+18,2.2854514278110625e+18,3.346873962092803e+18,4.617752635363467e+18,6.057200801807634e+18,7.677289344340164e+18,9.822611265913993e+18,1.25148264521416e+19
733.9538915704716,2.883590975641555e+17,7.552401300110694e+17,1.3990296747758738e+18,2.2321346918925437e+18,3.2685569032229524e+18,4.509760362880853e+18,5.915299607402231e+18,7.497108687787317e+18,9.596393217084619e+18,1.2216749940507607e+19
743.3266080282198,2.819381161668546e+17,7.38166734809849e+17,1.3668451419186698e+18,2.1801043992603405e+18,3.1921328059336115e+18,4.4043775557053e+18,5.776830679321078e+18,7.321290748007183e+18,9.376835094447706e+18,1.1928032505849422e+19
752.8190156747556,2.7566789609679856e+17,7.214978639299708e+17,1.3354309822839094e+18,2.1293289001695135e+18,3.1175550519633423e+18,4.3015399553553633e+18,5.641709446236643e+18,7.14972795987227e+18,9.16320941080047e+18,1.1648977378732308e+19
762.4326429869866,2.6954478736258723e+17,7.052236738852056e+17,1.3047683444104054e+18,2.0797773629491663e+18,3.0447782287210035e+18,4.201184965417736e+18,5.509853525170763e+18,6.982315542734995e+18,8.954891975509712e+18,1.1379673801838164e+19
772.1690379607327,2.63565230263827e+17,6.893345653621862e+17,1.2748388458713134e+18,2.0314197247476897e+18,2.973758056762343e+18,4.103251551554832e+18,5.381182589915665e+18,6.818951333103283e+18,8.751530556720225e+18,1.1119900308404488e+19
782.0297683599839,2.577257523670355e+17,6.738211750562039e+17,1.245624557618678e+18,1.9842266659033428e+18,2.904451352023734e+18,4.007680189427318e+18,5.255618302463397e+18,6.659535697387081e+18,8.553001470828394e+18,1.0869447702475549e+19
792.0164219693447,2.5202296573016355e+17,6.586743681754958e+17,1.217107989609124e+18,1.9381695864018785e+18,2.8368159911239306e+18,3.914412816849767e+18,5.133084250005761e+18,6.503971451726319e+18,8.359186859954222e+18,1.0627807222447854e+19
802.1306068496979,2.464535642288395e+17,6.43885231220147e+17,1.1892720769460465e+18,1.893220583187519e+18,2.7708108779254083e+18,3.8233927876799386e+18,5.01350588421295e+18,6.352163784725338e+18,8.169971729069506e+18,1.0394208051274156e+19
812.3739515971401,2.410143293296633e+17,6.294450873322072e+17,1.1621002088238986e+18,1.849352496952463e+18,2.706396012246706e+18,3.734564966550265e+18,4.896810645688884e+18,6.204020415441492e+18,7.985244142339218e+18,1.0167823148563995e+19
822.7481056052185,2.357021124483452e+17,6.153454490834038e+17,1.1355761388728428e+18,1.8065387664099973e+18,2.643532275533212e+18,3.6478754333659387e+18,4.782927575383211e+18,6.059451099584768e+18,7.804894616282448e+18,9.947800252069913e+18
833.2547393305146,2.3051385093803315e+17,6.015780611167224e+17,1.109684065829161e+18,1.7647535590491768e+18,2.5821816230207616e+18,3.563271748235444e+18,4.67178766280249e+18,5.918368071785531e+18,7.628816666391731e+18,9.733352183686849e+18
843.8955445616282,2.2544655188035184e+17,5.881348567813766e+17,1.0844085511973729e+18,1.723971637317799e+18,2.522306886925595e+18,3.480702680128054e+18,4.563323489202894e+18,5.780685592182518e+18,7.456906249832118e+18,9.523906793735393e+18
854.6722346915882,2.2049729916696525e+17,5.7500797696721485e+17,1.0597345547936422e+18,1.6841684161219597e+18,2.4638718609033477e+18,3.4001183233133455e+18,4.457469380579425e+18,5.646320140673756e+18,7.289062006468723e+18,9.319276809617801e+18
865.5865449937423,2.156632455669938e+17,5.621897488608148e+17,1.0356473943565814e+18,1.6453198971193224e+18,2.4068412033924536e+18,3.3214699640983424e+18,4.3541612324013706e+18,5.515190194159566e+18,7.125184985633979e+18,9.119346892802473e+18
876.6402329011778,2.109416169364644e+17,5.496726971137597e+17,1.0121327665499288e+18,1.6074027026120755e+18,2.351180487361983e+18,3.244710149413754e+18,4.2533365996895867e+18,5.387216340864526e+18,6.965178788715476e+18,8.924004659179001e+18
887.835078289702,2.0632970457711866e+17,5.374495233729632e+17,9.891767080608924e+17,1.5703940122747968e+18,2.2968561072353551e+18,3.169792558487489e+18,4.154934528250642e+18,5.262321065847891e+18,6.808949305909416e+18,8.733140366743112e+18
899.172883764438,2.0182486733442234e+17,5.255131118219296e+17,9.667656059545568e+17,1.5342715797832773e+18,2.2438353032753178e+18,3.0966720364648054e+18,4.058895598792475e+18,5.140428806948028e+18,6.656404786731355e+18,8.546647002719436e+18
910.6554749500871,1.9742452981660112e+17,5.138565243564357e+17,9.448861883990597e+17,1.4990137176045601e+18,2.1920861391526894e+18,3.025304563480025e+18,3.96516188620111e+18,5.021465902958808e+18,6.507455777504333e+18,8.364420211489607e+18
922.284700784886,1.931261767321255e+17,5.024729854186068e+17,9.235254958364332e+17,1.4645992500928082e+18,2.1415774329516134e+18,2.955647159536348e+18,3.8736768344286746e+18,4.905360434601209e+18,6.362014926265655e+18,8.186358063234021e+18
934.0624338183322,1.8892736024442083e+17,4.9135590154899776e+17,9.026709178280566e+17,1.43100757305156e+18,2.0922788446435139e+18,2.88765800510625e+18,3.784385414947268e+18,4.79204242570897e+18,6.219997232912173e+18,8.012361356811507e+18
945.990570512696,1.8482568616239014e+17,4.804988244895485e+17,8.823101231381148e+17,1.3982185402556124e+18,2.04416070924459e+18,2.821296211100605e+18,3.697233824323308e+18,4.681443458996012e+18,6.081319575520689e+18,7.842333053810669e+18
958.0710315483972,1.8081882212190717e+17,4.698954729529077e+17,8.624311007768708e+17,1.366212529815764e+18,1.9971941343012652e+18,2.7565219532819497e+18,3.612169660825637e+18,4.573496900297678e+18,5.945900988982626e+18,7.676178615563431e+18
970.3057621332725,1.7690449474893e+17,4.5953972498178464e+17,8.430221454132163e+17,1.3349704203722724e+18,1.9513509648268833e+18,2.6932964239187154e+18,3.529141860809352e+18,4.4681378176666163e+18,5.813662566416173e+18,7.513805887493613e+18
982.6967323157919,1.7308048157362214e+17,4.494255963503461e+17,8.240718164295661e+17,1.3044735246226115e+18,1.9066036855791316e+18,2.6315816970557353e+18,3.448100521575071e+18,4.3653027563202253e+18,5.684527181884516e+18,7.355124768140877e+18
995.2459373022834,1.693446176509463e+17,4.395472581441196e+17,8.055689710231644e+17,1.2747036427899581e+18,1.8629254995619466e+18,2.571340836749279e+18,3.3689970435611725e+18,4.2649299191397386e+18,5.558419715149559e+18,7.200047481865063e+18
1007.9553977782001,1.6569479222134774e+17,4.298990278014939e+17,7.875027471449806e+17,1.2456430348305802e+18,1.8202902871362916e+18,2.512537840695222e+18,3.2917840561877043e+18,4.16695907240844e+18,5.435266936369763e+18,7.048488442777524e+18
1020.8271602334908,1.621289438981493e+17,4.2047535624035744e+17,7.698625390660276e+17,1.2172743807329004e+18,1.7786725476244682e+18,2.4551375597184614e+18,3.216415311990367e+18,4.0713314112794317e+18,5.314997340670418e+18,6.900364057879394e+18
1033.8632972921325,1.5864506261496848e+17,4.112708329894757e+17,7.526380069524932e+17,1.1895807958766226e+18,1.7380474218313047e+18,2.399105728828416e+18,3.14284572737363e+18,3.977989611460715e+18,5.197541213444564e+18,6.755592808033241e+18
1047.0659080458645,1.552411870375009e+17,4.022801792396927e+17,7.358190636221495e+17,1.162545809452316e+18,1.698390660279399e+18,2.3444089234236795e+18,3.071031324996197e+18,3.886877755961263e+18,5.082830540791553e+18,6.614095142362229e+18
1060.4371183921833,1.5191540392135117e+17,3.934982460810412e+17,7.193958711088412e+17,1.1361533587671058e+18,1.6596786147936604e+18,2.2910145476949325e+18,3.0009292184743834e+18,3.7979413156007357e+18,4.970798986583567e+18,6.47579345288306e+18
1073.979081376661,1.486658482635543e+17,3.849200148519884e+17,7.033588411952142e+17,1.1103877899592575e+18,1.6218882394991076e+18,2.23889083600671e+18,2.9324976141421757e+18,3.711127151161704e+18,4.861381896414047e+18,6.340612081651897e+18
1087.6939775396295,1.4549069809559568e+17,3.765405832311469e+17,6.876986090669307e+17,1.085233815248623e+18,1.5849970279693245e+18,2.1880067662378373e+18,2.8656956971178394e+18,3.6263833686423803e+18,4.754516119097931e+18,6.208477107379985e+18
1101.5840152672931,1.4238817835196862e+17,3.683551754736386e+17,6.724060525066115e+17,1.0606765438423931e+18,1.5489830585763387e+18,2.1383321223157545e+18,2.8004837134212864e+18,3.5436594234590653e+18,4.650140137258325e+18,6.079316505442739e+18
1115.651431147322,1.3935655614437949e+17,3.603591297960697e+17,6.574722679966781e+17,1.036701443165017e+18,1.513824937493712e+18,2.089837415638317e+18,2.736822866674383e+18,3.462905989208347e+18,4.5481939055174344e+18,5.953059954502373e+18
1129.8984903289966,1.3639414023643842e+17,3.5254789692300774e+17,6.428885678674593e+17,1.013294334110694e+18,1.479501791674954e+18,2.042493875386635e+18,2.6746753053112893e+18,3.3840749413613435e+18,4.4486188313284966e+18,5.829638815365198e+18
1144.327486887937,1.3349928318876723e+17,3.4491704574717466e+17,6.286464908646455e+17,9.904414080023254e+17,1.4459932937155075e+18,1.9962734828233562e+18,2.6140041676010286e+18,3.3071194143589064e+18,4.351357847184031e+18,5.708986220634195e+18
1158.9407441955016,1.3067037475637469e+17,3.3746224571894803e+17,6.147377688512452e+17,9.681291726392105e+17,1.4132795825619553e+18,1.95114886195783e+18,2.554773437935922e+18,3.231993619077907e+18,4.25635518469255e+18,5.591036803126879e+18
1173.740615292898,1.2790584582240483e+17,3.30179277265992e+17,6.01154346343953e+17,9.46344483755195e+17,1.3813413096777467e+18,1.9070933432107261e+18,2.4969480304370207e+18,3.158652948918407e+18,4.163556507666822e+18,5.475726859172977e+18
1188.7294832700725,1.2520416520377624e+17,3.2306402324664576e+17,5.878883643051619e+17,9.250745186992102e+17,1.3501596003342602e+18,1.8640809100481208e+18,2.4404937187813673e+18,3.0870538906469263e+18,4.0729088022966016e+18,5.36299421756244e+18
1203.9097616494334,1.2256383889021813e+17,3.161124668877508e+17,5.7493215616567e+17,9.043067698936532e+17,1.3197160439675843e+18,1.8220861856858365e+18,2.385377118696257e+18,3.0171540021085983e+18,3.9843603504711137e+18,5.252778209153286e+18
1219.2838947744858,1.1998340925261598e+17,3.0932068963356045e+17,5.622782436699658e+17,8.84029038002922e+17,1.2899926840999432e+18,1.7810844191996078e+18,2.331565669657126e+18,2.9489118889289467e+18,3.897860701812676e+18,5.145019634880944e+18
1234.8543582034165,1.1746145421494357e+17,3.026848689030094e+17,5.4991933256598106e+17,8.64229424858439e+17,1.2609720079134108e+18,1.7410514711530964e+18,2.2790276159662894e+18,2.882287180437526e+18,3.8133606447417636e+18,5.039660732564157e+18
1250.6236591077145,1.1499658688592123e+17,2.9620127706663706e+17,5.378483105770531e+17,8.448963300684494e+17,1.232636941223748e+18,1.701963806677509e+18,2.2277319976141914e+18,2.817240518001756e+18,3.7308121929974825e+18,4.936645162486244e+18
1266.5943366758734,1.1258745352416483e+17,2.8986627599848064e+17,5.2605823706061325e+17,8.26018434210699e+17,1.2049708237642964e+18,1.6637984613877501e+18,2.1776486054610514e+18,2.7537334980791035e+18,3.650168515616474e+18,4.835917924099237e+18
1282.76896252226,1.1023273321379258e+17,2.836763161814133e+17,5.1454234123497094e+17,8.075846958567214e+17,1.17795740478006e+18,1.626533035321661e+18,2.128747973226376e+18,2.691728661988346e+18,3.571383925181614e+18,4.737425343539246e+18
1299.1501411011961,1.0793113757054926e+17,2.7762793587283085e+17,5.032940205187027e+17,7.895843487900174e+17,1.1515808388995496e+18,1.5901456872465367e+18,2.0810013699799867e+18,2.6311894863262684e+18,3.494413866853568e+18,4.641115062147651e+18
1315.740510126326,1.0568140954130854e+17,2.7171775788629818e+17,4.923068343908169e+17,7.720068919842508e+17,1.1258256713835327e+18,1.554615114328575e+18,2.034380773386025e+18,2.572080348943725e+18,3.4192148768877143e+18,4.5469359877398656e+18
1332.5427409953506,1.0348232257568144e+17,2.6594248735268778e+17,4.8157450009099315e+17,7.548420825650831e+17,1.1006768277569962e+18,1.51992053783865e+18,1.9888588508850624e+18,2.514366505013664e+18,3.3457445537019233e+18,4.4548382611090714e+18
1349.559539220176,1.0133267981251094e+17,2.602989095207611e+17,4.710908884072696e+17,7.380799289107123e+17,1.0761196036427244e+18,1.486041689142246e+18,1.9444089412568271e+18,2.4580140635709153e+18,3.2739615295052155e+18,4.3647732231553203e+18
1366.793644862553,9.923131349820085e+16,2.5478388817445942e+17,4.608500206090339e+17,7.217106856022824e+17,1.0521396573076964e+18,1.4529587994223199e+18,1.901005041077509e+18,2.4029899702706586e+18,3.203825449681599e+18,4.2766933914409825e+18
1384.2478329752935,9.717708480133118e+16,2.4939436510739085e+17,4.508460673831359e+17,7.057248516095932e+17,1.0287230069722463e+18,1.4206525959819663e+18,1.858621799829639e+18,2.3492620011372595e+18,3.135296965930362e+18,4.1905524535780137e+18
1401.9249140491027,9.516888162794205e+16,2.4412735429023075e+17,4.4107333779683424e+17,6.901131523984909e+17,1.0058560045049839e+18,1.3891042659693478e+18,1.817234472215106e+18,2.296798701983482e+18,3.0683376613318876e+18,4.1063051772245765e+18
1419.8277344651362,9.320561935919408e+16,2.3897994378749363e+17,4.315262828114254e+17,6.748665454984465e+17,9.835253435602077e+17,1.35829546760706e+18,1.776818932868171e+18,2.2455694070379116e+18,3.0029100745796695e+18,4.0239074414064553e+18
1437.959176953319,9.128623957847672e+16,2.3394929235379168e+17,4.221994888221189e+17,6.599762099938335e+17,9.617180441259471e+17,1.328208308890631e+18,1.7373516483471007e+18,2.19554420335248e+18,2.9389776562937324e+18,3.9433161846736927e+18
1456.3221610565315,8.94097100302481e+16,2.2903262928322688e+17,4.130876772912701e+17,6.454335458387622e+17,9.404214514772622e+17,1.2988253461517885e+18,1.6988096752035656e+18,2.146693928302089e+18,2.8765047667904287e+18,3.864489404023606e+18
1474.9196436007157,8.757502263511389e+16,2.2422724911850157e+17,4.0418569474473395e+17,6.312301576519e+17,9.196232123650012e+17,1.2701295512254285e+18,1.66117061683329e+18,2.0989901147815237e+18,2.8154566082031836e+18,3.787386073212882e+18
1493.754619170982,8.578119439844326e+16,2.195305140250231e+17,3.954885171543523e+17,6.17357861680875e+17,8.993112852060671e+17,1.242104325509203e+18,1.624412641907661e+18,2.052405014549007e+18,2.7557992546333133e+18,3.711966181328465e+18
1512.830120593807,8.402726569526771e+16,2.1493984921292874e+17,3.8699124127561914e+17,6.038086717672224e+17,8.794739194506388e+17,1.214733471518217e+18,1.5885144469798684e+18,2.0069115507303053e+18,2.6974995933814523e+18,3.6381906621784166e+18
1532.1492194253788,8.23123006777677e+16,2.1045274398098458e+17,3.786890865305539e+17,5.905748022826268e+17,8.600996598624152e+17,1.1880011987880568e+18,1.5534552642044754e+18,1.9624833275680689e+18,2.640525338037712e+18,3.5660214119226993e+18
1551.7150264461793,8.063538541874357e+16,2.0606674677736474e+17,3.70577385685038e+17,5.776486530473672e+17,8.411773243608588e+17,1.1618920933307953e+18,1.5192148211997174e+18,1.9190945794523395e+18,2.584844965241251e+18,3.4954212127558866e+18
1571.5306921618912,7.899562888909286e+16,2.0177946774477843e+17,3.626515895370708e+17,5.650228167754775e+17,8.22696014909123e+17,1.136391132649805e+18,1.4857733607269192e+18,1.8767201958447895e+18,2.530427746846675e+18,3.426353774029907e+18
1591.5994073106926,7.73921608845706e+16,1.975885732079935e+17,3.5490725652929984e+17,5.526900622868855e+17,8.046450928578982e+17,1.1114836517438304e+18,1.4531115960221548e+18,1.8353356645588196e+18,2.477243679370029e+18,3.358783646773075e+18
1611.9244033770292,7.582413287719595e+16,1.9349178789979302e+17,3.473400568453101e+17,5.4064334101294746e+17,7.870141884608165e+17,1.0871553562403747e+18,1.4212107280113413e+18,1.794917093567891e+18,2.4252635122375654e+18,3.292676259990316e+18
1632.508953111958,7.429071630672362e+16,1.8948689040247955e+17,3.399457638103125e+17,5.2887577308114336e+17,7.69793180428651e+17,1.0633922941949828e+18,1.390052408248947e+18,1.755441163935539e+18,2.374458689284328e+18,3.227997849876501e+18
1653.3563710601243,7.279110279360827e+16,1.8557171368838733e+17,3.327202548348299e+17,5.173806487557779e+17,7.529721980170642e+17,1.0401808589842387e+18,1.359618742688538e+18,1.7168851345657434e+18,2.3248013555088287e+18,3.164715469561385e+18
1674.4700140934756,7.13245039148901e+16,1.8174414449458342e+17,3.256595101789539e+17,5.06151426365717e+17,7.365416179563759e+17,1.0175077850754868e+18,1.329892286097935e+18,1.6792268350746842e+18,2.2762643488721452e+18,3.10279698040273e+18
1695.8532819517834,6.989014951881816e+16,1.7800211884142614e+17,3.1875960450662086e+17,4.95181718662686e+17,7.204920444200652e+17,9.953601204015988e+17,1.3008560057650842e+18,1.6424446197093568e+18,2.2288211429048243e+18,3.042210982330339e+18
1717.5096177900814,6.84872885495484e+16,1.743436241808777e+17,3.1201671083892416e+17,4.844652990867907e+17,7.048143181781878e+17,9.737252389944499e+17,1.272493298050176e+18,1.6065173883080323e+18,2.182445873890886e+18,2.9829268488245023e+18
1739.4425087330765,6.7115187892329816e+16,1.7076669632217075e+17,3.054270947459727e+17,4.7399609236622195e+17,6.894995027948125e+17,9.525908219532995e+17,1.2447879633773279e+18,1.5714245545396716e+18,2.1371133015180777e+18,2.92491467953062e+18
1761.655486436653,6.577313209936461e+16,1.672694186739235e+17,2.989871128675028e+17,4.6376817206468243e+17,6.745388809982446e+17,9.319448524440086e+17,1.217724199639433e+18,1.5371460375012283e+18,2.0927987989639406e+18,2.8681452892569027e+18
1784.1521276565475,6.446042292603454e+16,1.638499210009899e+17,2.9269321053168934e+17,4.537757566858021e+17,6.599239489427055e+17,9.117756077909645e+17,1.1912865917917025e+18,1.5036622484793935e+18,2.0494783368725865e+18,2.8125901893700204e+18
1806.9360548242767,6.317637900718282e+16,1.6050637853290176e+17,2.8654192002747456e+17,4.4401320682336646e+17,6.45646412006827e+17,8.920716536848093e+17,1.1654601042210394e+18,1.4709540812379538e+18,2.0071284717759926e+18,2.7582215746951383e+18
1830.0109366304218,6.1920335323690104e+16,1.5723701054050122e+17,2.8052985789415066e+17,4.3447502074823494e+17,6.316981782971104e+17,8.728218352317132e+17,1.1402300689721105e+18,1.43900289705078e+18,1.9657263278390185e+18,2.705012302080282e+18
1853.380488615374,6.069164284759045e+16,1.5404007936587872e+17,2.7465372304750592e+17,4.251558313207882e+17,6.180713540963931e+17,8.540152706741953e+17,1.1155821774761087e+18,1.407790514172772e+18,1.925249584202785e+18,2.652935875869516e+18
1877.048473767607,5.948966821494603e+16,1.509138895383575e+17,2.689102950753743e+17,4.1605040319573325e+17,6.04758239738271e+17,8.356413457163259e+17,1.091502473081171e+18,1.377299198335403e+18,1.8856764636254886e+18,2.6019664349926113e+18
1901.0187031296016,5.831379328008709e+16,1.478567865723348e+17,2.6329643194084106e+17,4.071536290679848e+17,5.917513240862561e+17,8.176897059033137e+17,1.0679773410219291e+18,1.3475116499947223e+18,1.8469857169664054e+18,2.552078734819537e+18
1925.295036411497,5.7163414597362744e+16,1.4486715557817718e+17,2.578090673350873e+17,3.9846052536054816e+17,5.790432781805033e+17,8.001502478707744e+17,1.0449934969122593e+18,1.3184109896992596e+18,1.8091566052788375e+18,2.5032481260011556e+18
1949.8813826125936,5.603794331582893e+16,1.4194342095834744e+17,2.5244521006032528e+17,3.8996623117356736e+17,5.6662695368427066e+17,7.830131172031438e+17,1.0225379839120006e+18,1.2899807544703342e+18,1.7721688958585364e+18,2.4554505506939116e+18
1974.7817006507807,5.493680469583276e+16,1.3908404511285246e+17,2.4720194156155613e+17,3.816660042560784e+17,5.5449537694768646e+17,7.66268700255223e+17,1.0005981619661281e+18,1.2622048841212137e+18,1.7360028454992865e+18,2.4086625227924157e+18
1999.9999999999998,5.385943773976155e+16,1.3628752744033133e+17,2.4207641401005046e+17,3.7355521787973146e+17,5.4264174440666246e+17,7.499076178032151e+17,9.791616994511297e+17,1.235067710635578e+18,1.700639187624012e+18,2.3628611129565906e+18
